timestamp,average_gas,average_light,average_loudness,average_temperature,average_humidity,average_object,average_ambient,average_distance,ocupada
2026-02-16 00:00:00,282.1,49.85,1.9,30.0,82.75,29.325000000000028,31.414000000000023,7.36343449559705,0
2026-02-16 00:10:00,281.25,49.45,2.0,30.0,82.75,29.226000000000024,31.406000000000027,7.364462161886281,0
2026-02-16 00:20:00,281.7,49.9,1.95,30.0,82.66666666666667,29.27300000000003,31.37000000000001,7.383371221608129,0
2026-02-16 00:30:00,281.45,49.95,1.95,30.0,83.0,29.21470588235297,31.333529411764736,7.368572827043204,0
2026-02-16 00:40:00,281.2,49.4,2.0,30.0,82.81818181818181,29.1777777777778,31.32555555555558,7.370628159621666,0
2026-02-16 00:50:00,281.0,49.75,2.0,30.0,82.6,29.289000000000023,31.362000000000023,7.36775069401182,0
2026-02-16 01:00:00,280.9,50.1,1.95,30.0,82.1,29.270000000000028,31.356000000000016,7.366928560980435,0
2026-02-16 01:10:00,280.45,49.95,1.9,30.0,82.0,29.39444444444448,31.512222222222256,7.363023429081357,0
2026-02-16 01:20:00,280.55,49.8,1.8,30.0,82.0909090909091,29.233000000000025,31.409000000000027,7.366928560980435,0
2026-02-16 01:30:00,280.65,49.75,2.0,30.0,82.0,29.22600000000003,31.46866666666669,7.366311961206897,0
2026-02-16 01:40:00,280.4,50.05,2.0,30.0,82.0909090909091,29.30692307692311,31.488461538461568,7.397964082915207,0
2026-02-16 01:50:00,281.0,49.85,1.9,30.0,82.0,29.24100000000004,31.408000000000023,7.363228962339204,0
2026-02-16 10:00:00,284.85,52.55,2.0,30.0,82.92857142857143,29.21250000000003,31.230000000000047,7.375766491067821,0
2026-02-16 10:10:00,286.05,56.5,2.0,30.0,83.0,29.117692307692337,31.200769230769275,7.370628159621666,0
2026-02-16 10:20:00,285.45,62.1,1.95,30.0,83.0,29.21875000000003,31.245000000000047,7.394653915709895,0
2026-02-16 10:30:00,286.25,61.1,1.9,30.0,83.0,29.16647058823532,31.23705882352946,7.360557029987204,0
2026-02-16 10:40:00,286.25,69.7,2.0,30.0,83.0,29.1514285714286,31.25000000000005,7.373916691747205,0
2026-02-16 10:50:00,285.9,78.05,1.95,30.0,83.0,29.22818181818184,31.197272727272765,7.369806026590282,0
2026-02-16 11:00:00,286.0,88.75,1.95,30.0,83.0,29.16333333333336,31.168333333333365,7.365078761659819,0
2026-02-16 11:10:00,285.75,94.0,1.95,30.0,83.15384615384616,29.26733333333336,31.208666666666712,7.368778360301051,0
2026-02-16 11:20:00,286.05,81.2,2.0,30.0,83.0909090909091,29.243000000000027,31.11600000000003,7.360968096502896,0
2026-02-16 11:30:00,286.1,91.1,2.0,30.0,83.0909090909091,29.215555555555586,31.187777777777814,7.3716558259108975,0
2026-02-16 11:40:00,286.15,109.55,2.0,30.0,83.0909090909091,29.304285714285747,31.252857142857188,7.365489828175511,0
2026-02-16 11:50:00,286.05,75.5,2.0,30.0,83.1,29.280769230769256,31.173076923076955,7.364797505622767,0
2026-02-16 12:00:00,285.7,89.9,2.0,30.0,83.14285714285714,29.25210526315792,31.146842105263197,7.365078761659819,0
2026-02-16 12:10:00,285.25,115.4,1.95,30.0,83.46153846153847,29.27315789473687,31.177368421052662,7.370833692879512,0
2026-02-16 12:20:00,284.8,117.45,2.05,30.0,83.6,29.214705882352963,31.166470588235324,7.367134094238281,0
2026-02-16 12:30:00,283.75,116.85,2.0,30.0,83.81818181818181,29.168000000000028,31.12300000000004,7.363023429081358,0
2026-02-16 12:40:00,284.3,90.8,2.0,30.0,83.81818181818181,29.210000000000026,31.12800000000004,7.37206689242659,0
2026-02-16 12:50:00,283.75,120.8,2.0,30.0,83.63636363636364,29.20800000000003,31.14100000000004,7.364873228401973,0
2026-02-16 13:00:00,283.9,122.8,2.05,30.0,83.92307692307692,29.193333333333367,31.14000000000004,7.37206689242659,0
2026-02-16 13:10:00,284.15,125.35,2.0,30.0,84.0,29.103000000000023,31.122000000000035,7.371244759395204,0
2026-02-16 13:20:00,283.3,125.45,2.0,30.0,84.0,29.052000000000028,31.121000000000038,7.364873228401973,0
2026-02-16 13:30:00,283.1,136.05,2.0,30.0,84.0,29.059000000000022,31.13300000000003,7.365489828175511,0
2026-02-16 13:40:00,283.25,71.55,2.0,30.0,84.0,29.14333333333336,31.161111111111143,7.349663767321356,0
2026-02-16 13:50:00,283.2,126.9,2.05,30.0,84.0,29.18166666666669,31.18833333333337,7.364051095370589,1
2026-02-16 14:00:00,282.85,129.6,1.95,30.0,84.0,29.174000000000028,31.14100000000004,7.370011559848128,0
2026-02-16 14:10:00,282.35,85.85,2.0,30.0,84.0,29.172000000000036,31.22400000000004,7.366517494464743,0
2026-02-16 14:20:00,281.75,111.5,2.1,30.0,84.0,29.13625000000003,31.168750000000028,7.367956227269666,0
2026-02-16 14:30:00,280.9,92.45,2.0,30.0,84.1,29.031111111111137,31.232222222222266,7.366106427949051,0
2026-02-16 14:40:00,279.75,83.7,2.0,30.0,84.0,29.07533333333336,31.23000000000005,7.372272425684436,0
2026-02-16 14:50:00,278.35,96.85,2.0,30.0,84.0,29.12000000000003,31.22750000000004,7.366106427949051,0
2026-02-16 15:00:00,278.8,97.45,2.0,30.0,84.0,29.183333333333355,31.26600000000004,7.371861359168743,0
2026-02-16 15:10:00,278.0,109.7,2.1,30.0,83.9090909090909,29.163846153846176,31.19615384615389,7.340825837233971,0
2026-02-16 15:20:00,278.0,138.2,2.05,30.0,83.16666666666667,29.103846153846185,31.21769230769235,7.368161760527512,0
2026-02-16 15:30:00,276.95,143.95,2.05,30.0,83.0909090909091,29.10750000000003,31.230000000000047,7.366106427949051,0
2026-02-16 15:40:00,275.4,131.9,2.05,30.0,83.0,29.038333333333355,31.218333333333376,7.364051095370589,0
2026-02-16 15:50:00,275.75,147.0,2.05,30.0,83.0,29.121764705882377,31.188823529411803,7.36775069401182,0
2026-02-16 16:00:00,274.8,139.25,2.0,30.0,83.0,29.06076923076926,31.180769230769272,7.354185498993973,0
2026-02-16 16:10:00,273.7,151.45,2.0,30.0,83.0,29.00000000000002,31.193333333333385,7.369189426816743,0
2026-02-16 16:20:00,273.3,78.3,2.0,30.0,82.84615384615384,29.063750000000027,31.212500000000045,7.368572827043204,0
2026-02-16 16:30:00,273.6,83.0,2.0,30.0,82.53846153846153,29.101111111111138,31.192222222222277,7.367956227269666,0
2026-02-16 16:40:00,273.7,86.15,2.0,30.0,82.5,29.150000000000027,31.18230769230773,7.372683492200128,0
2026-02-16 16:50:00,273.35,83.7,2.0,30.0,82.14285714285714,29.172222222222253,31.29222222222224,7.368161760527512,0
2026-02-16 17:00:00,273.35,80.95,2.0,30.0,82.0,29.20000000000002,31.30500000000003,7.360145963471512,0
2026-02-16 17:10:00,273.0,105.15,2.05,30.0,82.22222222222223,29.1966666666667,31.28111111111114,7.36775069401182,0
2026-02-16 17:20:00,273.1,85.15,2.0,30.0,82.13333333333334,29.20428571428576,31.215714285714323,7.365078761659819,0
2026-02-16 17:30:00,273.7,79.15,1.95,30.0,82.0909090909091,29.22111111111114,31.31888888888891,7.369394960074589,0
2026-02-16 17:40:00,274.05,75.1,1.95,30.0,82.16666666666667,29.231333333333364,31.296666666666685,7.376794157357051,0
2026-02-16 17:50:00,274.1,81.45,1.95,30.0,82.38461538461539,29.231428571428605,31.27571428571432,7.363228962339204,0
2026-02-16 18:00:00,274.05,94.9,2.0,30.0,82.7,29.168823529411792,31.280588235294143,7.368161760527512,0
2026-02-16 18:10:00,273.9,83.95,1.95,30.0,82.71428571428571,29.132000000000023,31.254000000000048,7.362817895823511,0
2026-02-16 18:20:00,274.05,80.05,2.0,30.0,82.91666666666667,29.218000000000035,31.210000000000043,7.368983893558897,0
2026-02-16 18:30:00,275.1,73.65,2.0,30.0,82.91666666666667,29.18222222222225,31.19000000000004,7.365078761659819,0
2026-02-16 18:40:00,274.55,67.75,1.9,30.0,83.0,29.16888888888892,31.30555555555557,7.359323830440126,0
2026-02-16 18:50:00,275.3,67.4,2.0,30.0,83.0,29.15615384615387,31.26692307692312,7.3696004933324355,0
2026-02-16 19:00:00,275.0,65.2,2.0,30.0,83.0,29.181764705882376,31.31823529411766,7.366311961206897,0
2026-02-16 19:10:00,275.85,65.15,2.0,30.0,83.0,29.232222222222244,31.243333333333386,7.368161760527512,0
2026-02-16 19:20:00,275.2,62.7,1.95,30.0,83.0,29.202307692307723,31.25153846153851,7.368367293785358,0
2026-02-16 19:30:00,275.75,63.95,1.9,30.0,83.0,29.211111111111133,31.27111111111115,7.35911829718228,0
2026-02-16 19:40:00,275.75,62.2,2.0,30.0,83.0,29.22454545454548,31.26454545454549,7.358912763924434,0
2026-02-16 19:50:00,275.6,57.0,1.9,30.0,83.0,29.14894736842108,31.28578947368424,7.360351496729358,0
2026-02-16 20:00:00,275.15,57.65,1.95,30.0,83.0,29.257777777777807,31.28444444444447,7.366106427949051,0
2026-02-16 20:10:00,275.35,56.25,2.0,30.0,83.0,29.130000000000024,31.308333333333355,7.37206689242659,0
2026-02-16 20:20:00,275.9,56.1,1.95,30.0,83.0,29.19333333333337,31.305555555555564,7.38172695554536,0
2026-02-16 20:30:00,275.65,52.15,1.95,30.0,83.0,29.252500000000037,31.255000000000045,7.359323830440126,0
2026-02-16 20:40:00,275.8,51.05,2.0,30.0,83.0,29.200000000000024,31.26750000000004,7.365900894691205,0
2026-02-16 20:50:00,275.45,50.35,2.0,30.0,83.0,29.266666666666698,31.30000000000001,7.386043153960129,0
2026-02-16 21:00:00,276.15,50.55,1.95,30.0,83.0,29.1886666666667,31.311333333333355,7.369124521577423,0
2026-02-16 21:10:00,276.4,49.7,1.9,30.0,82.81818181818181,29.222000000000037,31.27933333333336,7.365879259611431,0
2026-02-16 21:20:00,277.45,49.7,1.9,30.0,82.7,29.23000000000004,31.29000000000002,7.365284294917665,0
2026-02-16 21:30:00,276.7,50.15,1.9,30.0,82.3,29.172500000000028,31.30750000000001,7.37042262636382,0
2026-02-16 21:40:00,277.45,49.85,1.95,30.0,82.3,29.213076923076947,31.290000000000024,7.398169616173053,0
2026-02-16 21:50:00,278.2,49.85,2.0,30.0,82.07692307692308,29.29200000000002,31.292000000000023,7.369189426816743,0
2026-02-16 22:00:00,278.7,49.65,1.95,30.0,82.0,29.31333333333336,31.29333333333335,7.359605086477179,0
2026-02-16 22:10:00,278.9,49.7,1.85,30.0,82.0,29.27444444444448,31.303333333333345,7.369394960074589,0
2026-02-16 22:20:00,278.75,49.85,1.95,30.0,82.0,29.280000000000022,31.29750000000002,7.365078761659819,0
2026-02-16 22:30:00,279.0,49.85,1.95,30.0,82.0,29.220769230769257,31.251538461538512,7.371071678757018,0
2026-02-16 22:40:00,278.4,49.6,1.85,30.0,82.0,29.252500000000023,31.24250000000005,7.364873228401973,0
2026-02-16 22:50:00,279.8,49.9,1.95,30.0,82.0,29.232500000000023,31.322500000000023,7.360968096502896,0
2026-02-16 23:00:00,279.75,49.7,2.0,30.0,82.0,29.263333333333364,31.263333333333374,7.366311961206897,0
2026-02-16 23:10:00,279.6,49.85,1.95,30.0,82.0,29.17363636363639,31.259090909090958,7.365489828175511,0
2026-02-16 23:20:00,278.95,50.0,2.0,30.0,82.0,29.237777777777808,31.254444444444488,7.375766491067821,0
2026-02-16 23:30:00,279.8,49.8,1.9,30.0,82.0,29.20500000000003,31.29666666666668,7.366106427949051,0
2026-02-16 23:40:00,280.65,49.7,2.0,30.0,82.0,29.21833333333336,31.301666666666687,7.361379163018588,0
2026-02-16 23:50:00,280.25,49.45,1.95,30.0,82.0,29.285384615384636,31.2869230769231,7.384809954413052,0
2026-02-17 00:00:00,280.05,49.95,1.95,30.0,82.0,29.27166666666669,31.28333333333336,7.368367293785359,0
2026-02-17 00:10:00,280.95,50.05,1.9,30.0,82.0,29.30375000000003,31.30750000000001,7.361379163018588,0
2026-02-17 00:20:00,280.2,50.15,1.85,30.0,82.0,29.26800000000004,31.27800000000003,7.365284294917665,0
2026-02-17 00:30:00,281.1,49.7,1.95,30.0,82.0,29.29105263157897,31.34578947368424,7.369806026590282,0
2026-02-17 00:40:00,280.7,49.9,1.9,30.0,82.0,29.23352941176473,31.293529411764723,7.365078761659819,0
2026-02-17 00:50:00,281.0,50.1,1.85,30.0,82.0,29.191428571428595,31.308571428571444,7.362817895823512,0
2026-02-17 01:00:00,280.75,49.8,1.9,30.0,82.0,29.241000000000028,31.33900000000003,7.36739371519556,0
2026-02-17 01:10:00,280.85,50.05,1.95,30.0,82.0,29.23700000000003,31.36100000000001,7.368572827043204,0
2026-02-17 01:20:00,281.15,50.05,2.0,30.0,82.0,29.21750000000003,31.277500000000032,7.368983893558896,0
2026-02-17 01:30:00,281.0,49.55,1.9,30.0,82.0,29.153333333333357,31.268888888888924,7.365078761659819,0
2026-02-17 01:40:00,281.0,49.75,2.0,30.0,82.0,29.198888888888916,31.28444444444447,7.363228962339204,0
2026-02-17 01:50:00,281.25,50.0,1.95,30.0,82.0,29.23285714285717,31.30571428571429,7.371244759395204,0
2026-02-17 10:00:00,284.75,53.65,1.95,29.928571428571427,82.0,29.115333333333368,31.20600000000005,7.370011559848128,0
2026-02-17 10:10:00,285.1,54.5,1.95,30.0,82.0,29.1077777777778,31.1766666666667,7.377616290388437,0
2026-02-17 10:20:00,284.95,55.6,2.0,30.0,81.81818181818181,29.115555555555584,31.230000000000047,7.375149891294282,0
2026-02-17 10:30:00,285.1,59.05,1.9,30.0,81.75,29.124000000000024,31.19400000000005,7.36877836030105,0
2026-02-17 10:40:00,285.1,66.85,1.9,30.0,81.54545454545455,29.12250000000003,31.15750000000003,7.3696004933324355,0
2026-02-17 10:50:00,285.5,74.1,1.95,30.0,81.41666666666667,29.16750000000003,31.202500000000043,7.378438423419821,0
2026-02-17 11:00:00,285.2,84.4,2.0,30.0,81.0909090909091,29.150000000000027,31.18250000000004,7.371244759395204,0
2026-02-17 11:10:00,284.8,89.5,1.95,30.0,81.1,29.214000000000027,31.118000000000038,7.371861359168744,0
2026-02-17 11:20:00,284.25,92.15,2.0,30.0,81.14285714285714,29.25800000000002,31.13600000000004,7.413173543995824,0
2026-02-17 11:30:00,284.05,97.05,2.0,30.0,81.1,29.20400000000003,31.13600000000004,7.372369783543415,0
2026-02-17 11:40:00,283.1,102.9,2.0,30.0,81.08333333333333,29.232000000000024,31.12800000000004,7.381932488803206,0
2026-02-17 11:50:00,283.0,105.7,2.0,30.0,81.26666666666667,29.082000000000026,31.08400000000004,7.368983893558897,0
2026-02-17 12:00:00,282.9,109.3,2.0,30.0,81.9090909090909,28.96888888888892,31.013333333333357,7.372683492200128,0
2026-02-17 12:10:00,282.85,113.0,2.0,30.0,81.57142857142857,29.004444444444463,31.006666666666685,7.344936502390894,0
2026-02-17 12:20:00,282.8,114.85,2.0,30.0,81.36363636363636,29.010000000000023,31.02647058823532,7.371039226137358,0
2026-02-17 12:30:00,282.65,119.95,2.0,30.0,81.45454545454545,29.026000000000028,31.06300000000003,7.368161760527512,0
2026-02-17 12:40:00,282.2,122.35,2.0,30.0,81.61538461538461,28.94700000000003,31.018000000000026,7.359529363697972,0
2026-02-17 12:50:00,281.6,126.2,2.0,30.0,81.3,28.984000000000023,31.113000000000024,7.366106427949051,0
2026-02-17 13:00:00,281.4,125.3,2.0,30.0,81.46666666666667,29.06111111111113,31.136666666666702,7.370011559848128,0
2026-02-17 13:10:00,280.0,124.05,2.0,30.0,81.0909090909091,29.092222222222254,31.201111111111143,7.368983893558897,0
2026-02-17 13:20:00,279.4,95.1,2.0,30.0,81.18181818181819,29.103846153846177,31.176153846153884,7.368691819981957,0
2026-02-17 13:30:00,278.35,132.15,2.0,30.0,81.21428571428571,29.11461538461541,31.19000000000004,7.370628159621666,0
2026-02-17 13:40:00,278.35,130.9,2.0,30.0,81.0,29.093157894736866,31.192105263157934,7.36179022953428,0
2026-02-17 13:50:00,277.55,126.8,2.0,30.0,81.27272727272727,29.10428571428574,31.19000000000004,7.36877836030105,0
2026-02-17 14:00:00,276.6,133.65,2.05,30.0,81.2,29.12555555555558,31.207777777777817,7.400928088844147,0
2026-02-17 14:10:00,275.9,66.85,2.0,30.0,81.5,29.04428571428574,31.19571428571433,7.362406829307819,0
2026-02-17 14:20:00,275.7,105.35,2.0,30.0,81.88888888888889,29.13769230769233,31.200769230769275,7.380904822513975,0
2026-02-17 14:30:00,275.2,135.9,2.05,30.0,81.9090909090909,29.110000000000028,31.26636363636368,7.388509553054283,0
2026-02-17 14:40:00,274.6,131.45,2.05,30.0,80.45454545454545,29.108333333333363,31.285000000000025,7.367956227269666,0
2026-02-17 14:50:00,273.55,132.5,2.0,30.0,81.83333333333333,29.15000000000002,31.268888888888927,7.3638455621127425,0
2026-02-17 15:00:00,272.85,132.25,2.0,30.0,82.0,29.12500000000003,31.39100000000003,7.3716558259108975,0
2026-02-17 15:10:00,272.0,134.0,2.05,30.0,82.0,29.211666666666694,31.305000000000017,7.362817895823512,0
2026-02-17 15:20:00,272.0,134.05,2.05,30.0,82.0,29.14230769230772,31.2792307692308,7.376177557583513,0
2026-02-17 15:30:00,270.7,133.85,2.0,30.0,82.0,29.163846153846176,31.27615384615388,7.3539799657361264,0
2026-02-17 15:40:00,269.8,135.6,2.0,30.0,82.0,29.150000000000038,31.31800000000003,7.3696004933324355,0
2026-02-17 15:50:00,270.85,131.65,2.0,30.0,81.83333333333333,29.15526315789476,31.327894736842136,7.368983893558897,0
2026-02-17 16:00:00,270.0,136.45,2.0,30.0,81.84615384615384,29.145000000000028,31.295000000000016,7.363228962339204,1
2026-02-17 16:10:00,269.95,133.7,2.05,30.0,81.66666666666667,29.171000000000024,31.350000000000023,7.369394960074589,0
2026-02-17 16:20:00,268.95,132.3,2.1,30.0,81.66666666666667,29.214000000000027,31.30000000000002,7.358707230666588,0
2026-02-17 16:30:00,268.5,128.9,2.15,30.0,81.36363636363636,29.170000000000027,31.31833333333336,7.381023815452728,0
2026-02-17 16:40:00,268.4,122.95,2.0,30.0,81.125,29.167647058823565,31.311176470588247,7.382138022061052,0
2026-02-17 16:50:00,267.55,73.5,2.0,30.0,81.07692307692308,29.233000000000025,31.378000000000025,7.368161760527512,0
2026-02-17 17:00:00,267.2,111.85,2.05,30.0,81.38461538461539,29.12222222222225,31.328888888888923,7.3716558259108975,0
2026-02-17 17:10:00,266.7,105.65,2.0,30.0,81.25,29.23947368421055,31.34894736842107,7.360968096502896,0
2026-02-17 17:20:00,266.35,100.2,2.05,30.0,81.15384615384616,29.20384615384618,31.21615384615389,7.359529363697972,0
2026-02-17 17:30:00,266.05,95.05,2.0,30.0,81.4,29.144444444444467,31.272222222222258,7.370011559848128,0
2026-02-17 17:40:00,266.0,92.2,2.0,30.0,81.4375,29.202222222222247,31.292222222222243,7.358912763924434,0
2026-02-17 17:50:00,265.8,88.7,2.0,30.0,81.72727272727273,29.097500000000025,31.260000000000048,7.36877836030105,0
2026-02-17 18:00:00,266.25,91.55,2.0,30.0,81.27272727272727,29.15153846153849,31.29769230769233,7.367134094238281,0
2026-02-17 18:10:00,266.45,84.4,1.95,30.0,81.53333333333333,29.228571428571453,31.32000000000003,7.370628159621666,0
2026-02-17 18:20:00,265.75,73.45,2.0,30.0,81.4,29.211111111111137,31.328888888888915,7.367339627496127,0
2026-02-17 18:30:00,265.75,79.9,2.0,30.0,81.07692307692308,29.270000000000035,31.2726666666667,7.372586134341148,0
2026-02-17 18:40:00,265.9,77.35,1.95,30.0,81.0,29.228333333333367,31.30166666666668,7.364462161886281,0
2026-02-17 18:50:00,266.1,75.75,1.95,30.0,81.0,29.24400000000003,31.353000000000023,7.372683492200128,0
2026-02-17 19:00:00,266.6,77.55,2.05,30.0,81.0,29.26894736842108,31.321578947368447,7.369189426816743,0
2026-02-17 19:10:00,266.15,70.3,2.0,30.0,81.0,29.207777777777803,31.2766666666667,7.352952299446895,0
2026-02-17 19:20:00,266.15,68.0,2.0,30.0,81.0,29.270000000000028,31.337000000000025,7.356240831572434,0
2026-02-17 19:30:00,266.0,59.5,2.0,30.0,81.0,29.290000000000028,31.33947368421056,7.366311961206897,0
2026-02-17 19:40:00,267.0,57.6,2.0,30.0,81.0,29.25100000000003,31.33800000000003,7.398991749204439,0
2026-02-17 19:50:00,267.2,61.2,1.95,30.0,81.0,29.253636363636392,31.30272727272729,7.369806026590282,0
2026-02-17 20:00:00,267.85,57.1,2.0,30.0,81.0,29.21307692307695,31.28384615384618,7.360557029987204,0
2026-02-17 20:10:00,267.7,65.2,2.0,30.0,81.2,29.25526315789476,31.331052631578974,7.357679564377357,0
2026-02-17 20:20:00,267.8,56.85,1.9,30.0,81.0625,29.176250000000035,31.29125000000002,7.3656953614333585,0
2026-02-17 20:30:00,267.95,53.9,2.0,30.0,81.2,29.263000000000023,31.35100000000002,7.34781396800074,0
2026-02-17 20:40:00,268.9,51.1,1.95,30.0,81.0909090909091,29.220000000000024,31.386000000000024,7.371039226137358,0
2026-02-17 20:50:00,268.7,49.8,2.0,30.0,81.15384615384616,29.23800000000002,31.36800000000002,7.365078761659819,0
2026-02-17 21:00:00,268.7,49.9,1.95,30.0,81.0,29.252000000000027,31.33200000000004,7.37193708194795,0
2026-02-17 21:10:00,270.1,49.95,1.95,30.0,81.0,29.263000000000027,31.37000000000002,7.369189426816743,0
2026-02-17 21:20:00,270.15,49.6,1.95,30.0,81.0,29.255555555555578,31.33000000000003,7.36877836030105,0
2026-02-17 21:30:00,271.0,49.95,2.0,30.0,81.0,29.308000000000018,31.34300000000003,7.370628159621666,0
2026-02-17 21:40:00,271.75,49.95,1.9,30.0,81.0,29.284000000000027,31.33200000000004,7.364462161886281,0
2026-02-17 21:50:00,271.95,49.85,1.95,30.0,81.0,29.29222222222226,31.30000000000001,7.365284294917665,0
2026-02-17 22:00:00,272.9,50.05,2.0,30.0,81.0,29.30600000000003,31.383000000000028,7.370833692879512,0
2026-02-17 22:10:00,273.05,49.9,2.0,30.0,81.0,29.32600000000003,31.323000000000015,7.365284294917665,0
2026-02-17 22:20:00,273.6,49.85,2.0,30.0,81.0,29.33200000000003,31.385000000000023,7.353363365962587,0
2026-02-17 22:30:00,273.8,50.0,1.9,30.0,81.0,29.298000000000023,31.332000000000036,7.368572827043204,0
2026-02-17 22:40:00,274.0,50.2,1.85,30.0,81.0,29.287000000000024,31.34700000000002,7.364256628628435,0
2026-02-17 22:50:00,274.6,50.0,1.95,30.0,81.0,29.30600000000003,31.37800000000002,7.366311961206897,0
2026-02-17 23:00:00,274.75,50.0,1.95,30.0,81.0,29.28500000000003,31.32100000000002,7.373300091973666,0
2026-02-17 23:10:00,274.7,49.8,2.0,30.0,81.0,29.29100000000003,31.371000000000016,7.374327758262897,0
2026-02-17 23:20:00,274.15,50.0,2.0,30.0,81.0,29.251000000000023,31.35800000000001,7.373711158489359,0
2026-02-17 23:30:00,273.9,49.9,2.0,30.0,81.0,29.24882352941179,31.3158823529412,7.369806026590282,0
2026-02-17 23:40:00,273.85,49.75,1.85,30.0,81.0,29.292105263157925,31.334210526315815,7.367177364397827,0
2026-02-17 23:50:00,272.85,49.95,2.0,30.0,81.2,29.258000000000028,31.36400000000002,7.370833692879512,0
2026-02-18 00:00:00,273.05,49.8,2.0,30.0,81.4,29.25153846153848,31.32076923076926,7.367134094238281,0
2026-02-18 00:10:00,272.95,50.0,2.0,30.0,81.18181818181819,29.235000000000028,31.400000000000038,7.368161760527512,0
2026-02-18 00:20:00,272.75,49.65,1.8,30.0,81.6,29.278000000000024,31.352000000000025,7.366517494464743,0
2026-02-18 00:30:00,272.3,49.85,1.9,30.0,81.14285714285714,29.266000000000023,31.35300000000002,7.368367293785358,0
2026-02-18 00:40:00,272.3,49.9,1.85,30.0,81.08333333333333,29.28200000000003,31.350000000000023,7.375972024325667,0
2026-02-18 00:50:00,272.7,50.3,1.9,30.0,81.1,29.286000000000023,31.366000000000017,7.366106427949051,0
2026-02-18 01:00:00,273.1,49.95,1.95,30.0,81.0,29.269000000000027,31.40000000000003,7.360351496729358,0
2026-02-18 01:10:00,273.15,50.0,2.0,30.0,81.0,29.286000000000023,31.38700000000004,7.367545160753973,0
2026-02-18 01:20:00,274.5,49.7,1.9,30.0,81.0,29.234000000000027,31.39500000000003,7.367339627496127,0
2026-02-18 01:30:00,274.7,50.1,1.85,30.0,81.0,29.30900000000003,31.40100000000003,7.363228962339203,0
2026-02-18 01:40:00,274.75,49.15,1.85,30.0,81.0,29.26200000000002,31.396000000000036,7.363640028854896,0
2026-02-18 01:50:00,275.65,49.7,1.9,30.0,81.0,29.323000000000015,31.36900000000001,7.361173629760742,0
2026-02-18 10:00:00,284.85,59.15,2.0,30.0,82.81818181818181,29.21888888888892,31.312222222222243,7.37309455871582,0
2026-02-18 10:10:00,285.15,60.5,2.0,27.692307692307693,76.61538461538461,29.224000000000025,31.34300000000003,7.366106427949051,0
2026-02-18 10:20:00,285.5,62.85,2.0,30.0,83.0,29.22764705882356,31.333529411764736,7.372889025457974,0
2026-02-18 10:30:00,286.05,65.15,2.0,30.0,83.0,29.21235294117649,31.287647058823552,7.368572827043204,0
2026-02-18 10:40:00,286.4,72.05,1.95,30.0,83.0,29.285000000000032,31.287500000000023,7.368161760527512,0
2026-02-18 10:50:00,287.1,76.5,2.0,30.0,83.0,29.24555555555559,31.25000000000005,7.369189426816743,0
2026-02-18 11:00:00,287.35,65.35,1.95,30.0,83.0,29.227500000000024,31.286250000000024,7.349252700805664,0
2026-02-18 11:10:00,286.3,81.3,1.95,30.0,83.0,29.19250000000003,31.30000000000001,7.376588624099205,0
2026-02-18 11:20:00,287.1,96.05,2.0,30.0,83.0,29.227000000000025,31.360000000000017,7.367545160753973,0
2026-02-18 11:30:00,287.0,73.35,2.05,30.0,83.0,29.215555555555586,31.28333333333336,7.366106427949051,0
2026-02-18 11:40:00,286.75,66.0,2.0,30.0,83.0,29.31857142857145,31.315714285714304,7.35911829718228,0
2026-02-18 11:50:00,287.15,66.0,1.95,30.0,83.0,29.25769230769233,31.253076923076964,7.359323830440126,0
2026-02-18 12:00:00,286.35,61.8,1.9,30.0,83.0,29.225000000000023,31.24333333333338,7.370217093105974,0
2026-02-18 12:10:00,285.95,57.25,1.95,30.0,83.0,29.246000000000038,31.31933333333336,7.365489828175511,0
2026-02-18 12:20:00,284.25,62.85,1.9,30.0,83.0,29.218000000000025,31.387000000000032,7.374738824778589,0
2026-02-18 12:30:00,285.85,72.35,2.0,30.0,83.0,29.2358823529412,31.333529411764744,7.369394960074589,0
2026-02-18 12:40:00,285.45,86.65,2.0,30.0,83.0,29.269000000000027,31.39600000000003,7.393442351242592,0
2026-02-18 12:50:00,285.05,85.0,2.0,30.0,83.0,29.25333333333336,31.31666666666669,7.366106427949051,0
2026-02-18 13:00:00,285.4,85.05,2.0,30.0,83.0,29.27800000000002,31.33600000000003,7.368161760527512,0
2026-02-18 13:10:00,285.5,89.05,2.0,30.0,83.0,29.275555555555584,31.305555555555564,7.365284294917665,0
2026-02-18 13:20:00,284.95,82.2,2.0,30.0,83.0,29.306470588235328,31.204117647058865,7.364667695144127,0
2026-02-18 13:30:00,284.25,79.75,2.0,30.0,83.0,29.313076923076945,31.1792307692308,7.369806026590282,0
2026-02-18 13:40:00,283.35,100.55,2.0,30.0,83.0,29.342500000000022,31.192500000000045,7.37206689242659,0
2026-02-18 13:50:00,283.1,118.15,2.0,30.0,83.0,29.30666666666669,31.238333333333383,7.368983893558897,1
2026-02-18 14:00:00,283.05,123.7,2.05,30.0,83.0,29.290000000000028,31.2544444444445,7.385015487670898,0
2026-02-18 14:10:00,282.6,84.65,2.0,30.0,83.0,29.31400000000002,31.25000000000005,7.379055023193359,0
2026-02-18 14:20:00,282.6,123.5,2.05,30.0,83.0,29.295555555555573,31.293333333333354,7.366528312004629,0
2026-02-18 14:30:00,282.25,112.4,2.05,30.0,83.0,29.286250000000024,31.292500000000015,7.3716558259108975,0
2026-02-18 14:40:00,282.15,135.7,2.0,30.0,83.0,29.292222222222254,31.29222222222224,7.395086617305361,0
2026-02-18 14:50:00,282.7,86.3,2.0,30.0,83.0,29.348000000000027,31.234000000000044,7.376383090841359,0
2026-02-18 15:00:00,281.95,99.45,2.0,30.0,83.0,29.310000000000034,31.21588235294122,7.359605086477179,0
2026-02-18 15:10:00,281.95,79.65,2.0,30.0,83.0,29.261666666666702,31.28333333333336,7.366311961206897,0
2026-02-18 15:20:00,281.9,91.0,2.0,30.0,83.0,29.367500000000028,31.216250000000045,7.368691819981957,0
2026-02-18 15:30:00,281.95,108.5,2.0,30.0,83.0,29.36600000000002,31.27400000000004,7.368983893558897,0
2026-02-18 15:40:00,281.95,78.8,2.0,30.0,83.0,29.34666666666669,31.258888888888933,7.36179022953428,0
2026-02-18 15:50:00,281.85,100.05,2.0,30.0,83.0,29.365555555555584,31.27444444444448,7.386454220475821,0
2026-02-18 16:00:00,282.15,87.1,2.0,30.0,83.0,29.301111111111133,31.29222222222224,7.36775069401182,0
2026-02-18 16:10:00,282.0,79.45,2.0,30.0,83.0,29.316153846153863,31.25923076923082,7.362201296049973,0
2026-02-18 16:20:00,281.8,77.6,1.95,30.0,83.0,29.313636363636387,31.27545454545458,7.368572827043204,0
2026-02-18 16:30:00,281.7,77.3,2.0,30.0,83.0,29.351538461538496,31.2792307692308,7.366723027722589,0
2026-02-18 16:40:00,281.85,75.15,2.0,30.0,83.0,29.315555555555584,31.30000000000001,7.364051095370589,0
2026-02-18 16:50:00,281.9,74.85,1.95,30.0,83.0,29.37444444444447,31.307777777777797,7.367956227269666,0
2026-02-18 17:00:00,282.1,73.2,2.0,30.0,83.0,29.26222222222224,31.29111111111113,7.406802013002593,0
2026-02-18 17:10:00,282.0,72.95,2.0,30.0,83.0,29.36777777777781,31.296666666666688,7.36877836030105,0
2026-02-18 17:20:00,282.1,73.35,2.0,30.0,83.0,29.287000000000027,31.30900000000002,7.370628159621666,0
2026-02-18 17:30:00,282.65,71.8,2.0,30.0,83.0,29.31153846153849,31.285384615384643,7.367134094238281,0
2026-02-18 17:40:00,283.05,70.3,2.0,30.0,83.0,29.28833333333337,31.25666666666672,7.36179022953428,0
2026-02-18 17:50:00,282.55,68.8,2.0,30.0,83.0,29.353333333333357,31.260000000000044,7.36343449559705,0
2026-02-18 18:00:00,282.85,66.3,2.0,30.0,83.0,29.3558823529412,31.32647058823532,7.367339627496127,0
2026-02-18 18:10:00,283.3,65.95,1.95,30.0,83.0,29.265000000000025,31.33800000000003,7.367339627496127,0
2026-02-18 18:20:00,283.0,69.95,2.0,30.0,83.0,29.26666666666669,31.244444444444497,7.39962998405775,0
2026-02-18 18:30:00,283.1,72.55,1.95,30.0,83.0,29.270000000000024,31.29555555555557,7.359821437274912,0
2026-02-18 18:40:00,282.95,68.2,2.05,30.0,83.55555555555556,29.262307692307715,31.28076923076926,7.391181485406284,0
2026-02-18 18:50:00,282.55,65.95,2.0,30.0,83.58333333333333,29.23470588235297,31.23235294117652,7.362817895823511,0
2026-02-18 19:00:00,283.05,65.2,2.0,30.0,83.57142857142857,29.30000000000003,31.30000000000001,7.357268497861665,0
2026-02-18 19:10:00,283.0,70.1,2.0,30.0,83.55555555555556,29.23615384615388,31.297692307692323,7.365078761659819,0
2026-02-18 19:20:00,282.95,56.75,2.0,30.0,83.72727272727273,29.22714285714288,31.31285714285716,7.366106427949051,0
2026-02-18 19:30:00,282.6,53.85,1.85,27.5,76.75,29.27111111111113,31.33333333333336,7.368475469184225,0
2026-02-18 19:40:00,283.05,54.9,1.9,30.0,83.9090909090909,29.28200000000002,31.36500000000002,7.366106427949051,0
2026-02-18 19:50:00,283.55,56.6,1.85,30.0,84.0,29.279411764705912,31.285294117647084,7.377129501093537,0
2026-02-18 20:00:00,283.5,54.5,1.9,30.0,83.93333333333334,29.232666666666702,31.295333333333357,7.369394960074589,0
2026-02-18 20:10:00,283.5,53.4,1.95,30.0,84.0,29.241111111111135,31.256666666666717,7.372272425684436,0
2026-02-18 20:20:00,283.7,50.95,1.95,30.0,84.0,29.31000000000002,31.263846153846195,7.369394960074589,0
2026-02-18 20:30:00,283.7,52.0,1.9,30.0,84.0,29.270000000000024,31.315454545454568,7.366106427949051,0
2026-02-18 20:40:00,284.8,51.85,1.95,30.0,84.0,29.24384615384618,31.293076923076946,7.365284294917665,0
2026-02-18 20:50:00,283.6,52.35,1.95,30.0,84.0,29.221764705882386,31.321764705882376,7.366517494464743,0
2026-02-18 21:00:00,282.95,50.05,2.0,30.0,84.0,29.210000000000026,31.28555555555558,7.401458148298593,0
2026-02-18 21:10:00,282.95,49.85,1.95,30.0,84.0,29.205555555555577,31.294444444444466,7.357062964603819,0
2026-02-18 21:20:00,281.7,49.85,1.8,30.0,84.0,29.170000000000023,31.29000000000002,7.3716558259108975,0
2026-02-18 21:30:00,281.5,50.25,1.95,30.0,84.0,29.228461538461577,31.2792307692308,7.365489828175511,0
2026-02-18 21:40:00,282.15,49.7,1.95,30.0,84.0,29.259000000000025,31.408000000000023,7.371861359168743,0
2026-02-18 21:50:00,282.4,49.75,2.0,30.0,84.0,29.1966666666667,31.25666666666672,7.383371221608129,0
2026-02-18 22:00:00,282.2,50.25,1.9,30.0,84.0,29.220588235294144,31.30529411764708,7.371039226137358,0
2026-02-18 22:10:00,282.1,50.2,1.95,30.0,84.0,29.170000000000027,31.31200000000002,7.365695361433358,0
2026-02-18 22:20:00,282.05,49.9,1.95,30.0,84.0,29.19736842105265,31.359473684210545,7.366723027722589,0
2026-02-18 22:30:00,281.35,50.0,2.0,30.0,84.0,29.154705882352967,31.20411764705887,7.381932488803206,0
2026-02-18 22:40:00,281.1,50.0,2.0,30.0,84.0,29.263333333333367,31.2766666666667,7.369394960074589,0
2026-02-18 22:50:00,280.75,49.95,1.9,30.0,84.0,29.21875000000003,31.30750000000001,7.364462161886281,0
2026-02-18 23:00:00,281.05,50.0,1.9,30.0,84.0,29.21823529411768,31.268823529411804,7.365489828175511,0
2026-02-18 23:10:00,280.3,50.05,1.95,30.0,84.0,29.301000000000016,31.36400000000002,7.362817895823512,0
2026-02-18 23:20:00,280.75,49.75,1.85,30.0,84.0,29.2716666666667,31.27000000000004,7.35809063089305,0
2026-02-18 23:30:00,280.7,50.15,2.0,30.0,84.0,29.20666666666669,31.28222222222225,7.367339627496127,0
2026-02-18 23:40:00,280.0,49.5,1.95,30.0,84.0,29.117500000000028,31.290000000000028,7.361584696276434,0
2026-02-18 23:50:00,279.9,49.5,2.0,30.0,84.0,29.16555555555559,31.2766666666667,7.36775069401182,0
2026-02-19 00:00:00,279.55,50.25,2.0,30.0,83.91666666666667,29.23210526315792,31.33736842105266,7.367339627496127,0
2026-02-19 00:10:00,279.05,49.55,2.0,30.0,83.9090909090909,29.18700000000003,31.37300000000001,7.364051095370589,0
2026-02-19 00:20:00,279.15,49.6,1.9,30.0,83.85714285714286,29.19500000000003,31.341000000000022,7.370011559848128,0
2026-02-19 00:30:00,279.1,49.95,2.0,30.0,83.92307692307692,29.207777777777803,31.247777777777817,7.3716558259108975,0
2026-02-19 00:40:00,279.1,49.95,2.0,30.0,83.85714285714286,29.22368421052634,31.33631578947371,7.36610642794905,0
2026-02-19 00:50:00,279.4,49.95,1.95,30.0,83.76923076923077,29.236000000000026,31.357000000000017,7.371861359168743,0
2026-02-19 01:00:00,279.5,50.1,1.9,30.0,83.45454545454545,29.216000000000022,31.361000000000026,7.38439888789736,0
2026-02-19 01:10:00,280.45,49.6,1.9,30.0,83.6923076923077,29.228000000000023,31.379000000000023,7.386454220475821,0
2026-02-19 01:20:00,280.05,49.95,2.0,30.0,83.54545454545455,29.26894736842108,31.332105263157924,7.3521301664155105,0
2026-02-19 01:30:00,279.95,49.9,1.9,30.0,83.72727272727273,29.190000000000023,31.352000000000025,7.360351496729358,0
2026-02-19 01:40:00,281.0,49.8,2.0,30.0,83.72727272727273,29.24000000000002,31.36600000000001,7.367134094238281,0
2026-02-19 01:50:00,280.95,49.9,1.95,30.0,83.9090909090909,29.182222222222247,31.31222222222224,7.365489828175511,0
2026-02-19 10:00:00,292.85,52.45,1.95,29.933333333333334,84.0,29.068571428571456,31.152857142857176,7.366744662802362,0
2026-02-19 10:10:00,292.6,55.35,1.95,30.0,84.0,29.125555555555582,31.19444444444449,7.370217093105974,0
2026-02-19 10:20:00,293.1,61.3,2.0,30.0,84.0,29.111176470588266,31.22411764705887,7.367339627496127,0
2026-02-19 10:30:00,293.1,60.2,2.0,30.0,84.0,29.15500000000002,31.230000000000047,7.372683492200128,0
2026-02-19 10:40:00,294.4,64.6,1.95,30.0,84.0,29.100000000000023,31.22166666666671,7.379942061464064,0
2026-02-19 10:50:00,294.0,74.4,1.95,30.0,84.0,29.150000000000027,31.212222222222263,7.407624146033978,0
2026-02-19 11:00:00,295.85,86.8,1.95,30.0,84.0,29.13250000000003,31.222500000000046,7.368572827043204,0
2026-02-19 11:10:00,297.2,61.75,1.95,30.0,84.0,29.233333333333363,31.164444444444477,7.367339627496127,0
2026-02-19 11:20:00,298.85,58.65,1.9,30.0,84.0,29.15727272727275,31.28090909090912,7.3696004933324355,0
2026-02-19 11:30:00,301.2,61.9,2.0,30.0,84.0,29.136153846153874,31.22230769230774,7.37309455871582,0
2026-02-19 11:40:00,301.95,106.65,2.0,30.0,84.0,29.188888888888915,31.16111111111114,7.373300091973666,0
2026-02-19 11:50:00,302.6,107.1,2.05,30.0,84.0,29.168947368421087,31.14368421052636,7.366723027722589,0
2026-02-19 12:00:00,303.0,107.15,1.95,30.0,84.07142857142857,29.16700000000003,31.128000000000043,7.397553016399515,0
2026-02-19 12:10:00,302.75,56.65,1.95,30.0,84.22222222222223,29.14538461538464,31.17000000000003,7.366928560980435,0
2026-02-19 12:20:00,303.85,122.6,2.0,27.0,75.6,29.12700000000003,31.08400000000004,7.368572827043204,0
2026-02-19 12:30:00,303.75,120.85,2.05,30.0,84.53333333333333,29.097000000000023,31.10500000000003,7.373235186734346,0
2026-02-19 12:40:00,302.7,124.25,2.0,30.0,84.36363636363636,29.08900000000003,31.07000000000004,7.370833692879512,0
2026-02-19 12:50:00,302.0,98.15,2.0,30.0,84.84615384615384,29.031000000000024,31.07700000000004,7.39241468495336,0
2026-02-19 13:00:00,301.9,67.5,2.0,30.0,84.14285714285714,29.14578947368424,31.14368421052636,7.37145029265305,0
2026-02-19 13:10:00,301.35,61.1,1.95,30.0,84.0909090909091,29.179000000000027,31.112000000000037,7.37042262636382,0
2026-02-19 13:20:00,301.05,59.95,1.95,30.0,84.0909090909091,29.25500000000002,31.14900000000004,7.388920619569975,0
2026-02-19 13:30:00,300.8,57.3,1.95,30.0,84.0,29.176000000000027,31.13900000000004,7.366517494464743,0
2026-02-19 13:40:00,300.95,67.95,1.9,30.0,84.0,29.19111111111114,31.18000000000004,7.362201296049973,0
2026-02-19 13:50:00,300.95,67.0,1.95,30.0,84.0,29.25769230769233,31.1669230769231,7.369189426816743,0
2026-02-19 14:00:00,301.1,69.8,2.0,30.0,84.0,29.2405263157895,31.15210526315793,7.391592551921976,0
2026-02-19 14:10:00,301.8,73.5,1.95,30.0,84.0,29.278421052631607,31.140526315789515,7.367956227269666,0
2026-02-19 14:20:00,301.8,85.15,1.95,30.0,84.0,29.26176470588238,31.1488235294118,7.367956227269666,0
2026-02-19 14:30:00,300.9,106.8,2.0,30.0,84.08333333333333,29.19888888888892,31.16111111111114,7.372153432745683,0
2026-02-19 14:40:00,301.2,124.1,2.05,30.0,84.0,29.19888888888892,31.192222222222263,7.369806026590282,0
2026-02-19 14:50:00,300.0,127.65,2.0,30.0,84.3076923076923,29.18555555555558,31.15777777777781,7.366311961206897,1
2026-02-19 15:00:00,300.1,129.9,2.0,30.0,84.8,29.132000000000023,31.13800000000004,7.371039226137358,0
2026-02-19 15:10:00,298.75,130.3,2.05,30.0,84.88888888888889,29.110000000000028,31.104000000000028,7.371244759395204,0
2026-02-19 15:20:00,297.9,130.05,2.0,30.0,85.0,29.09100000000003,31.103000000000023,7.350074833837048,0
2026-02-19 15:30:00,297.1,130.95,2.0,30.0,84.9090909090909,29.105000000000025,31.12000000000004,7.363228962339204,0
2026-02-19 15:40:00,296.35,129.2,2.0,30.0,83.66666666666667,29.102000000000025,31.12400000000004,7.372683492200128,0
2026-02-19 15:50:00,296.7,130.85,2.0,30.0,85.0,29.11333333333336,31.155555555555583,7.368572827043204,0
2026-02-19 16:00:00,297.0,129.0,2.05,30.0,85.0,29.054000000000023,31.123000000000037,7.392209151695514,0
2026-02-19 16:10:00,297.95,128.45,1.95,30.0,85.0,29.12866666666669,31.16600000000004,7.36877836030105,0
2026-02-19 16:20:00,297.95,127.0,2.0,30.0,85.0,29.110000000000028,31.197500000000048,7.39405895101613,0
2026-02-19 16:30:00,298.1,123.0,2.0,30.0,85.0,29.088888888888917,31.21444444444448,7.36877836030105,0
2026-02-19 16:40:00,297.85,116.6,2.0,30.0,85.0,29.180769230769265,31.23769230769236,7.365078761659819,0
2026-02-19 16:50:00,298.3,110.05,2.0,30.0,84.92307692307692,29.18789473684213,31.228947368421103,7.360351496729358,0
2026-02-19 17:00:00,298.45,104.4,2.0,30.0,85.0,29.07000000000003,31.30058823529413,7.365900894691205,0
2026-02-19 17:10:00,297.6,100.55,2.0,30.0,85.0,29.0918181818182,31.26818181818186,7.36890817077969,0
2026-02-19 17:20:00,297.2,96.1,2.0,30.0,85.0,29.088571428571463,31.252857142857188,7.3716558259108975,0
2026-02-19 17:30:00,296.1,91.95,2.0,30.0,85.0,29.12500000000003,31.225000000000044,7.365900894691205,0
2026-02-19 17:40:00,295.65,88.35,2.0,30.0,85.0,29.08857142857145,31.26857142857147,7.378643956677667,0
2026-02-19 17:50:00,294.9,85.2,2.0,30.0,85.54545454545455,29.14529411764709,31.24529411764711,7.368572827043204,0
2026-02-19 18:00:00,293.05,82.1,2.0,30.0,85.36363636363636,29.1566666666667,31.250000000000053,7.364148453229569,0
2026-02-19 18:10:00,292.95,80.05,2.0,30.0,85.6923076923077,29.152352941176492,31.242941176470637,7.364873228401973,0
2026-02-19 18:20:00,292.1,78.2,2.0,30.0,85.92857142857143,29.17222222222225,31.2455555555556,7.36775069401182,0
2026-02-19 18:30:00,291.3,76.2,2.0,30.0,85.75,29.178000000000026,31.35700000000002,7.357679564377357,0
2026-02-19 18:40:00,290.6,74.7,1.9,30.0,85.92307692307692,29.15333333333336,31.27444444444448,7.367339627496127,0
2026-02-19 18:50:00,291.1,72.85,2.0,30.0,86.0,29.13727272727276,31.262727272727314,7.370628159621666,0
2026-02-19 19:00:00,289.65,70.85,2.0,30.0,86.0,29.10157894736845,31.22578947368426,7.365284294917665,0
2026-02-19 19:10:00,289.35,68.0,1.95,30.0,86.0,29.18600000000003,31.26600000000004,7.364256628628435,0
2026-02-19 19:20:00,288.4,65.5,2.0,30.0,86.0,29.180000000000028,31.28000000000003,7.382343555318898,0
2026-02-19 19:30:00,287.1,56.25,2.0,30.0,86.0,29.164117647058852,31.285294117647084,7.3716558259108975,0
2026-02-19 19:40:00,286.2,51.7,1.95,30.0,86.0,29.219230769230784,31.313076923076945,7.365489828175511,0
2026-02-19 19:50:00,286.65,52.35,2.0,30.0,86.0,29.20538461538465,31.28076923076926,7.400430482009361,0
2026-02-19 20:00:00,285.55,52.9,1.9,30.0,86.35714285714286,29.16666666666669,31.21666666666671,7.358912763924434,0
2026-02-19 20:10:00,284.15,56.9,1.95,30.0,86.07692307692308,29.1977777777778,31.265555555555597,7.356857431345972,0
2026-02-19 20:20:00,284.15,53.9,1.95,30.0,86.36363636363636,29.18555555555558,31.31222222222224,7.361379163018588,0
2026-02-19 20:30:00,283.15,51.9,1.95,30.0,86.44444444444444,29.138888888888925,31.28111111111114,7.365078761659819,0
2026-02-19 20:40:00,282.9,50.8,1.95,30.0,86.9090909090909,29.205555555555584,31.23666666666671,7.365284294917665,0
2026-02-19 20:50:00,282.5,49.9,1.95,30.0,86.625,29.24076923076926,31.31769230769233,7.365489828175511,0
2026-02-19 21:00:00,282.35,49.55,1.95,30.0,86.9090909090909,29.182000000000027,31.339000000000024,7.363023429081358,0
2026-02-19 21:10:00,282.65,49.9,1.95,30.0,87.0,29.11285714285717,31.27571428571432,7.366517494464743,0
2026-02-19 21:20:00,281.95,50.0,1.9,30.0,86.92857142857143,29.21888888888892,31.25222222222227,7.3461697019379715,0
2026-02-19 21:30:00,281.25,50.0,1.85,30.0,86.88888888888889,29.199473684210545,31.325789473684235,7.36343449559705,0
2026-02-19 21:40:00,281.25,49.8,1.95,30.0,86.92307692307692,29.242000000000026,31.332000000000036,7.360968096502896,0
2026-02-19 21:50:00,281.6,49.6,2.0,30.0,87.0,29.27210526315792,31.32473684210529,7.359734896955818,0
2026-02-19 22:00:00,281.1,49.8,2.0,30.0,86.81818181818181,29.23500000000003,31.355000000000015,7.363640028854896,0
2026-02-19 22:10:00,280.6,49.9,2.0,30.0,86.4,29.22111111111114,31.26777777777782,7.362612362565666,0
2026-02-19 22:20:00,279.95,49.8,1.95,30.0,86.45454545454545,29.24157894736844,31.29736842105265,7.36076256324505,0
2026-02-19 22:30:00,279.0,49.75,1.95,30.0,86.61538461538461,29.24400000000002,31.394000000000037,7.37206689242659,0
2026-02-19 22:40:00,279.6,49.55,1.95,30.0,86.36363636363636,29.198571428571466,31.315714285714304,7.3638455621127425,0
2026-02-19 22:50:00,279.3,49.2,1.95,30.0,86.4,29.219000000000023,31.345000000000027,7.363228962339204,0
2026-02-19 23:00:00,279.05,49.3,2.0,30.0,86.38461538461539,29.200000000000024,31.348000000000024,7.366928560980435,0
2026-02-19 23:10:00,279.8,49.8,2.0,30.0,86.2,29.295000000000023,31.362000000000016,7.360145963471512,0
2026-02-19 23:20:00,279.45,49.85,1.9,30.0,86.71428571428571,29.25352941176473,31.33117647058826,7.361995762792127,0
2026-02-19 23:30:00,278.95,49.85,1.95,30.0,86.81818181818181,29.270000000000028,31.371000000000024,7.360145963471512,0
2026-02-19 23:40:00,278.2,49.45,1.95,30.0,87.0,29.220000000000027,31.32800000000003,7.364051095370589,0
2026-02-19 23:50:00,278.35,49.85,1.9,30.0,86.92307692307692,29.271000000000026,31.412000000000024,7.364051095370589,0
2026-02-20 00:00:00,278.35,50.0,1.95,30.0,86.46153846153847,29.30800000000003,31.341000000000022,7.360145963471512,0
2026-02-20 00:10:00,279.35,49.95,1.9,30.0,86.23076923076923,29.257368421052664,31.32473684210529,7.35911829718228,0
2026-02-20 00:20:00,279.95,49.6,2.0,30.0,86.58333333333333,29.2805263157895,31.337368421052656,7.3482250345164335,0
2026-02-20 00:30:00,279.95,49.8,1.95,30.0,86.55555555555556,29.256666666666693,31.332222222222253,7.3638455621127425,0
2026-02-20 00:40:00,280.35,50.05,1.9,30.0,86.7,29.33100000000002,31.350000000000023,7.358912763924434,0
2026-02-20 00:50:00,280.05,50.15,1.8,30.0,86.92857142857143,29.328000000000014,31.332000000000026,7.357268497861665,0
2026-02-20 01:00:00,279.95,50.1,2.0,30.0,87.0,29.30000000000002,31.37000000000001,7.360037788072645,0
2026-02-20 01:10:00,280.1,49.45,2.0,30.0,86.81818181818181,29.24100000000003,31.386000000000024,7.366928560980435,0
2026-02-20 01:20:00,280.8,49.85,1.9,30.0,86.84615384615384,29.287894736842123,31.341578947368447,7.363283050038637,0
2026-02-20 01:30:00,280.95,50.15,1.9,30.0,86.63636363636364,29.296000000000028,31.363000000000017,7.358296164150896,0
2026-02-20 01:40:00,281.9,49.9,2.0,30.0,86.3,29.281000000000024,31.38100000000002,7.364051095370589,0
2026-02-20 01:50:00,282.65,49.9,2.0,30.0,86.64285714285714,29.256000000000025,31.399000000000036,7.3617685944545075,0
2026-02-20 10:00:00,314.15,54.75,1.9,30.0,88.54545454545455,29.214285714285744,31.32000000000002,7.361173629760742,0
2026-02-20 10:10:00,315.95,56.75,2.0,30.0,88.23076923076923,29.220000000000027,31.37200000000001,7.365284294917665,0
2026-02-20 10:20:00,316.05,57.1,2.0,30.0,88.3,29.239000000000026,31.424000000000017,7.357062964603819,0
2026-02-20 10:30:00,315.6,57.85,2.0,30.0,88.7,29.20800000000003,31.42200000000002,7.35911829718228,0
2026-02-20 10:40:00,314.45,59.75,2.0,30.0,88.3,29.175555555555587,31.33222222222225,7.362201296049973,0
2026-02-20 10:50:00,314.95,59.75,1.95,30.0,88.18181818181819,29.194210526315818,31.4384210526316,7.355829765056741,0
2026-02-20 11:00:00,314.2,56.65,1.95,30.0,88.45454545454545,29.22400000000004,31.40500000000003,7.357062964603818,0
2026-02-20 11:10:00,314.35,51.05,2.0,30.0,88.875,29.237000000000027,31.381000000000025,7.409473945354593,0
2026-02-20 11:20:00,311.2,53.2,1.85,30.0,88.45454545454545,29.33000000000003,31.35400000000002,7.372272425684436,0
2026-02-20 11:30:00,308.55,55.1,2.0,30.0,88.36363636363636,29.313000000000017,31.365000000000016,7.355213165283203,0
2026-02-20 11:40:00,306.05,52.6,2.0,30.0,88.2,29.33900000000003,31.35700000000002,7.340209237460432,0
2026-02-20 11:50:00,304.9,52.4,1.95,30.0,88.0,29.32400000000002,31.377000000000024,7.357008876904385,0
2026-02-20 12:00:00,303.0,56.4,2.0,30.0,88.0,29.30200000000002,31.349000000000025,7.356651898088126,0
2026-02-20 12:10:00,301.85,58.8,2.0,30.0,87.76923076923077,29.320000000000014,31.34200000000003,7.386659753733667,0
2026-02-20 12:20:00,299.85,63.35,1.9,30.0,87.22222222222223,29.330000000000027,31.334000000000028,7.3638455621127425,0
2026-02-20 12:30:00,298.6,77.1,2.0,30.0,87.0909090909091,29.341000000000022,31.38100000000002,7.362850348443171,0
2026-02-20 12:40:00,297.2,85.6,2.0,30.0,87.0,29.307500000000022,31.335000000000026,7.358296164150896,0
2026-02-20 12:50:00,296.75,93.85,1.95,30.0,87.0,29.314615384615408,31.31307692307694,7.388509553054283,0
2026-02-20 13:00:00,296.2,74.25,2.0,30.0,87.08333333333333,29.32400000000002,31.39400000000004,7.358912763924434,0
2026-02-20 13:10:00,296.05,66.5,1.9,30.0,87.0,29.273000000000025,31.339000000000027,7.360145963471512,0
2026-02-20 13:20:00,296.95,69.7,2.0,30.0,87.0,29.35100000000003,31.36100000000002,7.3578850976352035,0
2026-02-20 13:30:00,297.05,69.4,2.0,30.0,87.0,29.288947368421088,31.343684210526344,7.36076256324505,0
2026-02-20 13:40:00,298.05,77.65,2.05,30.0,87.0,29.26789473684213,31.319473684210543,7.345553102164433,0
2026-02-20 13:50:00,298.05,82.2,2.0,30.0,87.0,29.24000000000003,31.36100000000002,7.344319902617356,0
2026-02-20 14:00:00,298.7,102.8,2.0,30.0,87.0,29.25000000000002,31.39000000000004,7.4026588952260095,0
2026-02-20 14:10:00,299.55,79.15,2.0,30.0,87.0,29.317000000000014,31.38600000000003,7.344936502390895,0
2026-02-20 14:20:00,299.8,71.2,2.0,30.0,87.0,29.23600000000003,31.36700000000001,7.360470489668111,0
2026-02-20 14:30:00,300.5,73.35,2.0,30.0,87.0,29.263000000000027,31.36700000000001,7.359172384881713,0
2026-02-20 14:40:00,300.65,103.25,2.0,30.0,87.0,29.28000000000003,31.39000000000003,7.383165688350282,0
2026-02-20 14:50:00,300.55,100.95,2.0,30.0,87.0,29.265000000000036,31.36700000000001,7.369189426816743,0
2026-02-20 15:00:00,302.1,102.85,2.0,30.0,87.0,29.308000000000025,31.356000000000023,7.362612362565665,0
2026-02-20 15:10:00,301.95,90.3,2.0,30.0,87.0,29.347000000000023,31.382000000000023,7.357679564377357,0
2026-02-20 15:20:00,301.05,111.35,2.0,30.0,87.1,29.32647058823532,31.333529411764733,7.391592551921976,0
2026-02-20 15:30:00,302.15,143.8,1.95,30.0,87.0,29.305000000000017,31.356000000000016,7.342881169812433,0
2026-02-20 15:40:00,301.8,90.0,2.0,30.0,87.18181818181819,29.347000000000023,31.41900000000002,7.36343449559705,0
2026-02-20 15:50:00,302.25,76.35,1.95,30.0,87.1,29.31777777777781,31.3366666666667,7.346580768453664,0
2026-02-20 16:00:00,302.05,88.75,2.0,30.0,87.0909090909091,29.38300000000002,31.386000000000028,7.362406829307819,0
2026-02-20 16:10:00,302.2,92.6,2.1,30.0,87.45454545454545,29.332000000000026,31.46500000000002,7.362817895823511,0
2026-02-20 16:20:00,302.2,74.9,2.0,30.0,87.72727272727273,29.30800000000003,31.38100000000002,7.347197368227202,0
2026-02-20 16:30:00,302.95,75.2,2.0,30.0,87.35714285714286,29.325000000000024,31.36700000000001,7.39138701866413,0
2026-02-20 16:40:00,303.05,109.35,2.0,30.0,87.46153846153847,29.35500000000002,31.37300000000002,7.357474031119511,0
2026-02-20 16:50:00,303.3,70.25,2.0,30.0,87.4,29.383000000000024,31.388000000000027,7.358296164150896,0
2026-02-20 17:00:00,303.05,82.05,2.0,30.0,87.42857142857143,29.374000000000027,31.409000000000027,7.361173629760742,0
2026-02-20 17:10:00,303.05,110.55,2.0,30.0,87.72727272727273,29.37200000000002,31.40700000000003,7.357679564377357,0
2026-02-20 17:20:00,303.0,103.0,2.0,30.0,87.7,29.32300000000003,31.412000000000027,7.356857431345973,0
2026-02-20 17:30:00,303.05,97.65,2.0,30.0,87.58333333333333,29.31545454545456,31.475454545454568,7.314723113487506,0
2026-02-20 17:40:00,303.15,70.3,1.95,30.0,87.85714285714286,29.37200000000002,31.39700000000004,7.346375235195818,0
2026-02-20 17:50:00,302.85,63.0,2.0,30.0,87.8,29.34500000000003,31.426000000000016,7.358501697408742,0
2026-02-20 18:00:00,302.35,64.25,2.0,30.0,87.8,29.412000000000027,31.504000000000023,7.362612362565665,0
2026-02-20 18:10:00,301.85,63.0,1.95,30.0,87.75,29.337500000000023,31.49625000000003,7.358912763924434,0
2026-02-20 18:20:00,302.5,60.25,1.95,30.0,87.57142857142857,29.348000000000027,31.42500000000002,7.358912763924434,0
2026-02-20 18:30:00,301.35,57.6,2.0,30.0,88.0,29.393000000000026,31.386000000000028,7.357268497861665,0
2026-02-20 18:40:00,301.0,55.4,1.95,30.0,87.76923076923077,29.38600000000002,31.43100000000002,7.357874280095316,0
2026-02-20 18:50:00,301.45,53.95,2.0,30.0,87.84615384615384,29.356000000000023,31.43200000000002,7.356240831572434,0
2026-02-20 19:00:00,300.9,54.3,2.0,30.0,87.875,29.336000000000023,31.42500000000001,7.357474031119511,0
2026-02-20 19:10:00,300.0,54.15,2.0,30.0,87.85714285714286,29.32692307692311,31.526923076923108,7.354596565509665,0
2026-02-20 19:20:00,299.9,54.05,1.9,30.0,87.3,29.36888888888892,31.50333333333336,7.359734896955819,0
2026-02-20 19:30:00,299.5,54.35,2.0,30.0,87.5,29.41000000000002,31.409000000000027,7.358501697408742,0
2026-02-20 19:40:00,298.65,52.9,2.0,30.0,87.27272727272727,29.340000000000025,31.41300000000002,7.358296164150896,0
2026-02-20 19:50:00,298.85,52.1,1.9,30.0,87.08333333333333,29.270000000000024,31.43600000000001,7.356240831572434,0
2026-02-20 20:00:00,297.45,51.25,1.95,30.0,87.0909090909091,29.34500000000002,31.38600000000003,7.359323830440126,0
2026-02-20 20:10:00,297.7,51.95,1.95,30.0,87.18181818181819,29.321000000000023,31.376000000000023,7.35911829718228,0
2026-02-20 20:20:00,297.6,51.65,1.95,30.0,87.0,29.299000000000024,31.41300000000002,7.357062964603819,0
2026-02-20 20:30:00,298.1,51.65,1.9,30.0,87.18181818181819,29.280000000000022,31.412000000000024,7.354596565509665,0
2026-02-20 20:40:00,298.15,51.25,1.9,30.0,87.2,29.325000000000024,31.41300000000002,7.359734896955819,0
2026-02-20 20:50:00,298.4,50.2,1.95,30.0,87.25,29.253157894736876,31.478421052631603,7.375560957809975,0
2026-02-20 21:00:00,298.2,50.2,1.85,30.0,87.36363636363636,29.215000000000032,31.42900000000002,7.382138022061052,0
2026-02-20 21:10:00,298.85,49.9,1.95,30.0,87.55555555555556,29.249000000000034,31.411000000000023,7.371039226137358,0
2026-02-20 21:20:00,299.05,50.1,2.0,30.0,87.66666666666667,29.27000000000002,31.415000000000024,7.350280367094895,0
2026-02-20 21:30:00,299.4,49.85,1.95,30.0,87.46153846153847,29.261000000000028,31.40700000000003,7.356035298314588,0
2026-02-20 21:40:00,299.8,50.35,1.95,30.0,87.77777777777777,29.24700000000003,31.39400000000004,7.3578850976352035,0
2026-02-20 21:50:00,299.45,50.0,1.95,30.0,88.0,29.239000000000026,31.35700000000002,7.361584696276434,0
2026-02-20 22:00:00,299.2,50.2,1.85,30.0,87.92307692307692,29.26684210526318,31.4363157894737,7.353157832704741,0
2026-02-20 22:10:00,299.5,49.95,2.0,30.0,87.9090909090909,29.199000000000023,31.40100000000003,7.360145963471512,0
2026-02-20 22:20:00,299.8,49.7,1.85,30.0,88.0,29.265000000000025,31.383000000000028,7.355829765056741,0
2026-02-20 22:30:00,299.7,49.9,1.95,30.0,88.0,29.278000000000024,31.384000000000025,7.342264570038894,0
2026-02-20 22:40:00,299.8,49.4,1.75,30.0,88.0,29.277000000000022,31.37800000000002,7.363228962339204,0
2026-02-20 22:50:00,299.75,50.0,1.8,30.0,88.0,29.255000000000024,31.37000000000001,7.35911829718228,0
2026-02-20 23:00:00,300.0,49.95,1.95,30.0,88.0,29.22900000000002,31.375000000000025,7.359734896955818,0
2026-02-20 23:10:00,300.1,50.4,1.9,30.0,88.0,29.19800000000003,31.38900000000003,7.355418698541049,0
2026-02-20 23:20:00,300.55,49.85,1.9,30.0,88.0,29.219000000000023,31.421000000000017,7.36076256324505,0
2026-02-20 23:30:00,300.75,50.1,1.85,30.0,88.0,29.200000000000035,31.401000000000028,7.354185498993973,0
2026-02-20 23:40:00,301.15,49.6,1.95,30.0,88.0,29.21400000000002,31.39100000000003,7.360351496729358,0
2026-02-20 23:50:00,301.15,50.0,2.0,30.0,88.0,29.187000000000022,31.39800000000003,7.381521422287514,0
2026-02-21 00:00:00,301.3,50.0,1.9,30.0,88.0,29.20500000000002,31.42900000000001,7.345347568906587,0
2026-02-21 00:10:00,301.3,49.7,1.95,30.0,88.07692307692308,29.206000000000024,31.365000000000016,7.370833692879512,0
2026-02-21 00:20:00,301.95,50.0,2.0,30.0,88.2,29.171000000000024,31.39600000000003,7.3599404302136655,0
2026-02-21 00:30:00,302.7,49.85,2.0,30.0,88.0,29.21500000000003,31.35200000000002,7.345758635422279,0
2026-02-21 00:40:00,302.55,49.95,1.8,30.0,88.0,29.196000000000023,31.359000000000016,7.357062964603819,0
2026-02-21 00:50:00,302.85,49.95,1.95,30.0,88.0,29.253000000000032,31.41900000000002,7.357679564377357,0
2026-02-21 01:00:00,302.8,49.85,1.95,30.0,88.0,29.239000000000026,31.37300000000002,7.35657617530892,0
2026-02-21 01:10:00,303.0,49.65,1.95,30.0,88.0909090909091,29.204000000000025,31.38800000000003,7.3559271229157215,0
2026-02-21 01:20:00,303.0,49.85,1.85,30.0,88.0909090909091,29.20700000000003,31.355000000000015,7.354391032251819,0
2026-02-21 01:30:00,303.35,50.0,2.0,30.0,88.15384615384616,29.229000000000035,31.377000000000024,7.354802098767511,0
2026-02-21 01:40:00,303.2,49.85,2.0,30.0,88.23076923076923,29.251000000000023,31.348000000000024,7.360351496729358,0
2026-02-21 01:50:00,302.9,49.6,1.95,30.0,88.08333333333333,29.217000000000034,31.412000000000027,7.358912763924434,0
2026-02-21 10:00:00,303.25,58.1,2.0,30.0,90.375,29.15666666666669,31.2255555555556,7.357474031119511,0
2026-02-21 10:10:00,303.05,58.7,2.05,30.0,90.33333333333331,29.14444444444447,31.27444444444448,7.3599404302136655,0
2026-02-21 10:20:00,303.0,59.45,2.0,30.0,90.44444444444444,29.169000000000025,31.349000000000025,7.402691347845669,0
2026-02-21 10:30:00,302.55,70.5,2.0,30.0,90.3,29.18300000000003,31.39300000000003,7.355213165283203,0
2026-02-21 10:40:00,303.05,69.05,1.9,30.0,90.0909090909091,29.173000000000027,31.35700000000002,7.35809063089305,0
2026-02-21 10:50:00,303.85,69.55,2.0,30.0,90.3,29.143000000000026,31.36600000000002,7.350302002174669,0
2026-02-21 11:00:00,303.4,71.6,2.0,30.0,90.5,29.22157894736845,31.33947368421056,7.35809063089305,0
2026-02-21 11:10:00,302.7,90.2,2.05,30.0,90.53846153846152,29.19900000000002,31.368000000000016,7.376177557583513,0
2026-02-21 11:20:00,302.5,86.75,2.05,30.0,90.54545454545456,29.234210526315817,31.32368421052634,7.3578850976352035,0
2026-02-21 11:30:00,301.95,95.9,2.0,30.0,90.88888888888889,29.275000000000023,31.32125000000003,7.3578850976352035,0
2026-02-21 11:40:00,301.95,89.65,2.0,30.0,90.9375,29.29400000000002,31.35700000000002,7.358501697408742,0
2026-02-21 11:50:00,301.45,88.35,2.0,30.0,91.0,29.21947368421056,31.328947368421087,7.357474031119511,0
2026-02-21 12:00:00,300.45,75.9,2.0,30.0,91.0,29.33200000000003,31.377000000000017,7.359323830440126,0
2026-02-21 12:10:00,299.75,87.45,2.0,30.0,91.0,29.33900000000002,31.347000000000023,7.360351496729358,0
2026-02-21 12:20:00,297.15,74.85,2.0,30.0,91.0,29.268666666666693,31.48333333333336,7.36076256324505,0
2026-02-21 12:30:00,297.25,85.95,2.0,30.0,91.0909090909091,29.32250000000003,31.46875000000002,7.357679564377357,0
2026-02-21 12:40:00,296.95,83.95,2.0,30.0,91.0,29.340000000000018,31.298888888888904,7.353157832704741,0
2026-02-21 12:50:00,296.0,89.5,2.0,30.0,91.0,29.255000000000027,31.30000000000002,7.3599404302136655,0
2026-02-21 13:00:00,294.3,86.75,1.95,30.0,91.0,29.28600000000003,31.40000000000003,7.356240831572434,0
2026-02-21 13:10:00,292.75,87.55,2.0,30.0,91.0,29.30600000000002,31.37500000000001,7.343292236328125,0
2026-02-21 13:20:00,292.1,91.4,1.95,30.0,91.0,29.29000000000003,31.38300000000002,7.353157832704741,0
2026-02-21 13:30:00,291.7,106.2,2.0,30.0,91.0,29.36400000000003,31.342000000000027,7.360351496729358,0
2026-02-21 13:40:00,290.15,123.9,2.2,30.0,91.0,29.355263157894765,31.346842105263185,7.3539799657361264,0
2026-02-21 13:50:00,288.7,91.75,2.0,30.0,91.0,29.333000000000023,31.417000000000023,7.355624231798895,0
2026-02-21 14:00:00,286.95,92.75,2.0,30.0,91.0,29.35900000000002,31.37200000000001,7.3539799657361264,0
2026-02-21 14:10:00,285.9,106.4,2.0,30.0,91.0,29.37100000000002,31.345000000000027,7.356857431345973,0
2026-02-21 14:20:00,285.1,86.1,2.0,30.0,91.0,29.332000000000026,31.38900000000003,7.355624231798895,0
2026-02-21 14:30:00,283.85,88.2,1.95,30.0,91.0,29.336000000000023,31.41500000000002,7.357268497861665,0
2026-02-21 14:40:00,283.1,84.0,2.0,30.0,91.0,29.36800000000002,31.38000000000002,7.356240831572434,0
2026-02-21 14:50:00,283.15,70.35,2.0,30.0,91.0,29.33700000000002,31.36100000000002,7.356651898088127,0
2026-02-21 15:00:00,282.9,69.2,2.3,30.0,90.53846153846152,29.385555555555587,31.457777777777792,7.355418698541049,0
2026-02-21 15:10:00,282.95,58.65,2.0,30.0,90.07692307692308,29.37210526315792,31.420526315789488,7.357062964603819,0
2026-02-21 15:20:00,283.45,55.85,1.95,30.0,90.33333333333331,29.343000000000018,31.36100000000002,7.357268497861665,0
2026-02-21 15:30:00,282.75,55.25,1.9,30.0,90.08333333333331,29.347000000000023,31.355000000000015,7.35644636483028,0
2026-02-21 15:40:00,282.35,52.3,1.9,30.0,90.0,29.328000000000028,31.39000000000004,7.3539799657361264,0
2026-02-21 15:50:00,282.05,56.05,2.0,30.0,90.0,29.341111111111136,31.472222222222243,7.3539799657361264,0
2026-02-21 16:00:00,282.0,58.9,1.95,30.0,90.0,29.312000000000022,31.399000000000036,7.358912763924434,0
2026-02-21 16:10:00,281.9,56.35,1.95,30.0,90.0,29.36400000000002,31.400000000000027,7.358707230666588,0
2026-02-21 16:20:00,281.35,64.4,2.0,30.0,89.81818181818181,29.278000000000027,31.416000000000015,7.37473882477859,0
2026-02-21 16:30:00,281.05,70.15,2.0,30.0,89.5,29.314000000000025,31.350000000000023,7.340209237460432,0
2026-02-21 16:40:00,281.0,61.4,1.95,30.0,89.2,29.301000000000027,31.40400000000003,7.355418698541049,0
2026-02-21 16:50:00,280.85,66.1,2.0,30.0,89.27272727272727,29.34000000000002,31.39100000000003,7.354596565509665,0
2026-02-21 17:00:00,280.3,64.05,2.0,30.0,89.22222222222223,29.33400000000003,31.355000000000015,7.350691433610587,0
2026-02-21 17:10:00,280.2,58.05,2.0,30.0,89.0,29.31900000000002,31.389000000000028,7.357062964603819,0
2026-02-21 17:20:00,279.65,64.4,1.9,30.0,89.0,29.316000000000024,31.362000000000016,7.357474031119511,0
2026-02-21 17:30:00,279.5,66.85,1.95,30.0,89.1,29.313000000000024,31.37500000000002,7.356857431345973,0
2026-02-21 17:40:00,279.85,61.8,1.95,30.0,89.0909090909091,29.260000000000023,31.38600000000003,7.3578850976352035,0
2026-02-21 17:50:00,280.0,56.2,1.95,30.0,89.18181818181819,29.317000000000014,31.35800000000001,7.362201296049973,0
2026-02-21 18:00:00,280.45,56.9,2.0,30.0,89.46153846153847,29.275000000000023,31.350000000000023,7.36775069401182,0
2026-02-21 18:10:00,280.2,59.05,2.05,30.0,89.25,29.298000000000027,31.36400000000001,7.351513566641972,0
2026-02-21 18:20:00,280.75,60.25,2.1,30.0,89.9,29.25400000000002,31.376000000000023,7.357679564377357,0
2026-02-21 18:30:00,280.75,62.3,2.0,30.0,89.76923076923077,29.27300000000002,31.382000000000023,7.389331686085668,0
2026-02-21 18:40:00,280.9,61.8,1.9,30.0,89.6,29.304000000000027,31.360000000000014,7.357268497861665,0
2026-02-21 18:50:00,281.05,53.0,1.9,30.0,89.4,29.31100000000002,31.33300000000003,7.355418698541049,0
2026-02-21 19:00:00,281.0,53.5,1.95,30.0,89.0909090909091,29.300000000000026,31.379000000000023,7.340782567074425,0
2026-02-21 19:10:00,281.0,52.4,2.0,30.0,89.0,29.309000000000022,31.388000000000027,7.357268497861665,0
2026-02-21 19:20:00,280.2,51.8,2.0,30.0,89.0,29.257000000000037,31.379000000000023,7.3521301664155105,0
2026-02-21 19:30:00,280.65,52.3,2.0,30.0,89.0,29.257000000000023,31.35800000000001,7.356857431345972,0
2026-02-21 19:40:00,280.25,52.05,2.0,30.0,89.0,29.267000000000017,31.367000000000008,7.356035298314588,0
2026-02-21 19:50:00,280.4,51.6,1.95,30.0,89.1,29.26400000000003,31.37000000000001,7.357474031119511,0
2026-02-21 20:00:00,280.05,51.15,1.95,30.0,89.0,29.293157894736865,31.33210526315792,7.38008268948259,0
2026-02-21 20:10:00,280.15,50.2,2.0,30.0,89.11111111111111,29.27105263157898,31.328947368421076,7.344114369359509,0
2026-02-21 20:20:00,280.05,50.05,1.95,30.0,89.07142857142857,29.254000000000023,31.38200000000002,7.360557029987204,0
2026-02-21 20:30:00,280.1,49.8,2.0,30.0,89.1,29.286000000000023,31.363000000000017,7.346375235195818,0
2026-02-21 20:40:00,280.1,49.8,1.85,30.0,89.07692307692308,29.242000000000026,31.377000000000024,7.356240831572434,0
2026-02-21 20:50:00,281.0,49.65,1.95,30.0,89.21428571428571,29.204000000000025,31.41000000000003,7.356651898088126,0
2026-02-21 21:00:00,281.25,50.2,1.9,30.0,89.78571428571429,29.232000000000024,31.346000000000025,7.409062878838901,0
2026-02-21 21:10:00,281.4,49.65,1.95,30.0,89.54545454545455,29.18200000000003,31.40500000000003,7.357268497861665,0
2026-02-21 21:20:00,281.85,50.15,2.0,30.0,89.46666666666667,29.19700000000003,31.37000000000001,7.409268412096747,0
2026-02-21 21:30:00,282.25,49.75,1.95,30.0,89.8,29.20894736842108,31.33526315789477,7.361173629760742,0
2026-02-21 21:40:00,282.95,49.9,2.0,30.0,89.6923076923077,29.218000000000025,31.382000000000023,7.362817895823511,0
2026-02-21 21:50:00,284.2,50.2,1.95,30.0,89.8,29.164000000000023,31.387000000000032,7.356359824511187,0
2026-02-21 22:00:00,284.35,49.95,1.95,30.0,89.9090909090909,29.241000000000035,31.42200000000002,7.354596565509665,0
2026-02-21 22:10:00,284.4,50.0,1.95,30.0,89.8,29.271333333333363,31.32733333333336,7.357062964603819,0
2026-02-21 22:20:00,284.95,50.15,1.95,30.0,89.83333333333333,29.191052631578984,31.315263157894755,7.380493755998283,0
2026-02-21 22:30:00,285.0,49.9,2.0,30.0,89.88888888888889,29.2336363636364,31.302727272727285,7.359323830440126,0
2026-02-21 22:40:00,285.3,50.2,1.95,30.0,89.86666666666666,29.194000000000024,31.37000000000001,7.360557029987204,0
2026-02-21 22:50:00,285.55,50.05,2.0,30.0,90.0,29.272000000000027,31.33400000000003,7.349869300579202,0
2026-02-21 23:00:00,285.25,50.15,1.85,27.0,80.9,29.214210526315817,31.33421052631582,7.357268497861664,0
2026-02-21 23:10:00,285.85,49.9,2.0,30.0,89.9,29.28166666666669,31.27333333333337,7.359529363697972,0
2026-02-21 23:20:00,285.8,49.85,2.0,30.0,89.63636363636364,29.204444444444476,31.30111111111113,7.361584696276434,0
2026-02-21 23:30:00,285.7,50.2,2.0,30.0,89.73333333333333,29.267333333333365,31.319333333333358,7.355829765056741,0
2026-02-21 23:40:00,285.95,50.2,1.95,30.0,89.58333333333333,29.246842105263184,31.322631578947394,7.372889025457974,0
2026-02-21 23:50:00,285.85,50.2,1.95,30.0,89.45454545454545,29.248000000000022,31.33300000000004,7.350280367094895,0
2026-02-22 00:00:00,285.75,49.95,1.9,30.0,89.8,29.268000000000026,31.348000000000024,7.3539799657361264,0
2026-02-22 00:10:00,286.05,50.0,1.95,30.0,89.7,29.16300000000002,31.36700000000002,7.393647884500438,0
2026-02-22 00:20:00,286.55,49.8,1.75,30.0,89.9090909090909,29.16529411764709,31.327647058823555,7.349252700805664,0
2026-02-22 00:30:00,287.6,49.7,2.0,30.0,90.0,29.149000000000022,31.374000000000013,7.354845368927057,0
2026-02-22 00:40:00,287.8,50.3,1.85,30.0,90.0,29.147000000000023,31.345000000000024,7.357268497861665,0
2026-02-22 00:50:00,288.8,49.8,1.95,30.0,89.88888888888889,29.127894736842133,31.331052631578977,7.3599404302136655,0
2026-02-22 01:00:00,289.2,50.0,1.9,30.0,90.0,29.115000000000027,31.334000000000035,7.362201296049973,0
2026-02-22 01:10:00,289.9,49.65,2.0,30.0,89.93333333333334,29.135000000000023,31.35800000000002,7.367956227269666,0
2026-02-22 01:20:00,290.05,49.85,1.95,30.0,90.0,29.119000000000028,31.32700000000003,7.354802098767511,0
2026-02-22 01:30:00,290.8,49.75,1.85,30.0,90.0,29.081000000000024,31.346000000000025,7.357062964603819,0
2026-02-22 01:40:00,291.0,50.05,1.85,30.0,90.0,29.138000000000027,31.344000000000023,7.354391032251819,0
2026-02-22 01:50:00,291.55,50.05,2.0,30.0,90.0,29.146000000000036,31.347000000000023,7.355624231798895,0
2026-02-22 10:00:00,319.05,52.65,1.9,30.0,90.92307692307692,29.05181818181821,31.19363636363641,7.363023429081358,0
2026-02-22 10:10:00,318.45,54.45,1.95,30.0,91.0,28.974444444444472,31.17000000000003,7.338359438139816,0
2026-02-22 10:20:00,318.15,54.75,1.95,30.0,90.75,28.975000000000037,31.18000000000003,7.358707230666588,0
2026-02-22 10:30:00,316.65,56.95,2.0,30.0,90.75,29.01400000000003,31.178000000000036,7.351816457758798,0
2026-02-22 10:40:00,314.35,62.8,2.0,30.0,90.7,29.02200000000002,31.12300000000004,7.358296164150896,0
2026-02-22 10:50:00,313.2,73.5,2.0,30.0,90.6153846153846,29.055555555555586,31.1566666666667,7.35644636483028,0
2026-02-22 11:00:00,312.35,85.7,2.0,30.0,90.36363636363636,29.097368421052657,31.138421052631617,7.397964082915207,0
2026-02-22 11:10:00,311.75,84.8,2.0,30.0,90.27272727272728,29.123000000000022,31.179000000000038,7.36179022953428,0
2026-02-22 11:20:00,311.05,93.55,2.0,30.0,90.26666666666668,29.128750000000025,31.152500000000032,7.360145963471512,0
2026-02-22 11:30:00,310.35,61.0,1.9,30.0,90.46153846153848,29.10571428571431,31.1614285714286,7.3578850976352035,0
2026-02-22 11:40:00,309.75,107.8,2.0,30.0,90.23076923076924,29.11800000000003,31.252000000000056,7.359323830440126,0
2026-02-22 11:50:00,309.2,63.2,2.0,30.0,90.3,29.106666666666687,31.24166666666672,7.360968096502896,0
2026-02-22 12:00:00,308.05,104.15,2.05,30.0,90.125,29.156153846153877,31.27461538461542,7.366928560980435,0
2026-02-22 12:10:00,307.65,113.5,2.0,30.0,90.1818181818182,29.103333333333364,31.17333333333337,7.38008268948259,0
2026-02-22 12:20:00,306.95,57.15,2.0,30.0,90.36363636363636,29.14473684210529,31.15842105263161,7.357268497861665,0
2026-02-22 12:30:00,305.65,64.65,1.95,30.0,90.36363636363636,29.13000000000003,31.190000000000047,7.364873228401973,0
2026-02-22 12:40:00,304.15,117.35,2.0,30.0,90.2,29.15222222222225,31.155555555555583,7.358296164150896,0
2026-02-22 12:50:00,303.35,63.35,1.95,30.0,90.66666666666669,29.095714285714312,31.171428571428606,7.357474031119511,0
2026-02-22 13:00:00,304.05,65.8,2.0,30.0,90.6153846153846,29.121764705882384,31.182941176470628,7.358912763924434,0
2026-02-22 13:10:00,304.9,62.85,2.0,30.0,90.63636363636364,29.025555555555584,31.20000000000004,7.360145963471512,0
2026-02-22 13:20:00,305.1,64.5,1.95,30.0,90.3846153846154,29.08368421052634,31.214210526315835,7.357679564377357,0
2026-02-22 13:30:00,305.2,63.75,2.3,30.0,90.45454545454544,29.06111111111114,31.223333333333372,7.357268497861665,0
2026-02-22 13:40:00,305.05,80.75,2.0,30.0,90.44444444444444,29.09933333333336,31.224666666666717,7.38172695554536,0
2026-02-22 13:50:00,303.75,80.35,2.0,30.0,90.66666666666669,29.04111111111113,31.17666666666669,7.358501697408742,0
2026-02-22 14:00:00,303.3,73.05,2.0,27.272727272727277,82.63636363636364,29.060000000000027,31.18000000000003,7.364873228401973,0
2026-02-22 14:10:00,302.7,69.05,2.0,30.0,90.5,29.12647058823532,31.2017647058824,7.355213165283203,0
2026-02-22 14:20:00,302.65,136.5,2.0,30.0,90.5,29.11000000000003,31.19571428571433,7.403924547392746,0
2026-02-22 14:30:00,302.3,128.95,2.0,30.0,90.9090909090909,29.125714285714302,31.18857142857148,7.358296164150896,0
2026-02-22 14:40:00,300.7,131.65,2.0,30.0,91.0,29.142000000000024,31.26800000000004,7.360351496729358,0
2026-02-22 14:50:00,299.1,130.65,2.0,30.0,91.0,29.13666666666669,31.18111111111115,7.356651898088126,1
2026-02-22 15:00:00,298.05,135.35,2.05,30.0,91.0,29.20294117647061,31.29235294117649,7.356857431345973,0
2026-02-22 15:10:00,299.1,125.6,2.05,30.0,91.0,29.182857142857163,31.32571428571432,7.362406829307819,0
2026-02-22 15:20:00,298.05,79.55,2.0,30.0,91.0,29.211176470588267,31.27588235294121,7.362612362565665,0
2026-02-22 15:30:00,295.5,68.45,2.0,30.0,91.0,29.20200000000002,31.236000000000047,7.355350187455101,0
2026-02-22 15:40:00,295.5,70.6,1.95,30.0,91.0,29.211111111111137,31.196666666666715,7.389126152827822,0
2026-02-22 15:50:00,295.7,72.9,2.15,30.0,91.0,29.134444444444476,31.21222222222227,7.35911829718228,0
2026-02-22 16:00:00,296.4,132.0,2.05,30.0,91.0,29.18684210526319,31.34578947368424,7.362817895823512,0
2026-02-22 16:10:00,296.8,106.55,1.95,30.0,91.0,29.19736842105265,31.32263157894739,7.365078761659819,0
2026-02-22 16:20:00,296.05,131.65,2.0,30.0,91.0,29.160000000000025,31.29000000000002,7.357679564377357,0
2026-02-22 16:30:00,294.75,126.15,2.05,30.0,91.0,29.20647058823532,31.3029411764706,7.358296164150896,0
2026-02-22 16:40:00,295.95,74.5,2.0,30.0,91.0,29.16900000000003,31.363000000000024,7.354596565509665,0
2026-02-22 16:50:00,294.9,109.85,2.0,30.0,91.0,29.211666666666694,31.285000000000025,7.3461697019379715,0
2026-02-22 17:00:00,293.55,105.5,2.0,30.0,91.0,29.17111111111114,31.27000000000004,7.353363365962587,0
2026-02-22 17:10:00,293.0,99.9,2.0,30.0,91.0,29.2205263157895,31.344736842105288,7.357268497861665,0
2026-02-22 17:20:00,292.5,95.5,2.0,30.0,91.07692307692308,29.20866666666669,31.315333333333356,7.355213165283203,0
2026-02-22 17:30:00,292.75,91.7,2.0,30.0,91.0,29.24428571428575,31.32571428571431,7.360145963471512,0
2026-02-22 17:40:00,293.0,86.9,2.0,30.0,91.0,29.162000000000024,31.381000000000025,7.359529363697972,0
2026-02-22 17:50:00,291.1,85.05,2.0,30.0,91.1,29.181000000000022,31.376000000000023,7.354596565509665,0
2026-02-22 18:00:00,290.2,82.85,2.0,30.0,91.0909090909091,29.223684210526347,31.33315789473688,7.370217093105974,0
2026-02-22 18:10:00,289.75,80.45,2.0,30.0,91.07142857142856,29.248000000000022,31.362000000000016,7.355213165283203,0
2026-02-22 18:20:00,288.4,78.45,2.0,30.0,91.0,29.226000000000028,31.33900000000003,7.354802098767511,0
2026-02-22 18:30:00,287.95,76.8,1.95,30.0,91.11111111111111,29.23000000000003,31.36300000000002,7.344114369359509,0
2026-02-22 18:40:00,287.0,74.3,2.0,30.0,91.0,29.191111111111137,31.308888888888895,7.359529363697972,0
2026-02-22 18:50:00,286.6,71.75,1.95,30.0,91.0,29.215000000000025,31.373000000000022,7.352541232931203,0
2026-02-22 19:00:00,286.0,69.4,2.0,30.0,91.0,29.201764705882372,31.31352941176472,7.355007632025357,0
2026-02-22 19:10:00,285.65,66.8,1.95,30.0,91.0909090909091,29.24000000000003,31.324285714285743,7.345142035648741,0
2026-02-22 19:20:00,285.05,63.9,1.95,30.0,91.0,29.272000000000027,31.35100000000002,7.360557029987204,0
2026-02-22 19:30:00,284.4,61.3,1.95,30.0,91.0,29.255000000000024,31.340000000000025,7.354412667331592,0
2026-02-22 19:40:00,284.35,59.6,2.0,30.0,91.0,29.197000000000024,31.34100000000003,7.345758635422279,0
2026-02-22 19:50:00,284.2,57.55,1.95,30.0,91.0,29.17777777777781,31.33333333333336,7.354391032251819,0
2026-02-22 20:00:00,283.25,55.55,2.0,30.0,91.0,29.218000000000025,31.38000000000002,7.398169616173053,0
2026-02-22 20:10:00,282.85,54.05,2.0,30.0,91.0,29.299000000000017,31.35800000000002,7.359529363697972,0
2026-02-22 20:20:00,281.9,51.55,2.0,30.0,91.0,29.255000000000024,31.35200000000002,7.361379163018588,0
2026-02-22 20:30:00,281.3,51.0,2.0,30.0,91.0,29.20111111111113,31.313333333333357,7.360968096502896,0
2026-02-22 20:40:00,280.9,50.1,1.95,30.0,91.0,29.257058823529437,31.321764705882384,7.357062964603819,0
2026-02-22 20:50:00,280.05,49.9,2.0,30.0,91.0,29.27900000000002,31.34300000000003,7.3521301664155105,0
2026-02-22 21:00:00,279.5,50.0,2.0,30.0,91.0,29.282000000000025,31.374000000000017,7.35809063089305,0
2026-02-22 21:10:00,279.25,49.6,2.0,30.0,91.0,29.257777777777807,31.301111111111123,7.352541232931203,0
2026-02-22 21:20:00,278.7,50.15,1.95,30.0,91.0,29.28647058823531,31.29117647058825,7.357062964603819,0
2026-02-22 21:30:00,278.0,49.85,1.95,30.0,91.0,29.27166666666669,31.320000000000025,7.354185498993973,0
2026-02-22 21:40:00,277.85,50.3,2.0,30.0,91.0,29.231176470588267,31.28647058823532,7.352335699673357,0
2026-02-22 21:50:00,277.8,49.95,1.9,30.0,91.0,29.20833333333336,31.323333333333363,7.357008876904385,0
2026-02-22 22:00:00,277.9,49.85,1.95,30.0,91.0,29.274285714285742,31.314285714285734,7.355213165283203,0
2026-02-22 22:10:00,277.85,50.05,1.95,30.0,91.0,29.26058823529414,31.28294117647061,7.349252700805664,0
2026-02-22 22:20:00,277.95,49.9,1.95,30.0,91.0,29.255000000000027,31.335000000000026,7.359734896955819,0
2026-02-22 22:30:00,277.3,49.5,1.95,30.0,91.0,29.240000000000027,31.2766666666667,7.359734896955819,0
2026-02-22 22:40:00,277.2,50.0,2.0,30.0,91.0,29.263333333333364,31.275555555555588,7.3521301664155105,0
2026-02-22 22:50:00,276.75,49.85,1.95,30.0,91.0,29.30176470588238,31.328823529411792,7.375766491067821,0
2026-02-22 23:00:00,276.75,49.8,1.9,30.0,90.92307692307692,29.254444444444477,31.29222222222224,7.3578850976352035,0
2026-02-22 23:10:00,276.95,49.5,2.0,30.0,91.0,29.23461538461541,31.30076923076924,7.35809063089305,0
2026-02-22 23:20:00,276.75,49.9,1.9,30.0,91.0,29.21600000000003,31.30400000000001,7.355213165283203,0
2026-02-22 23:30:00,276.6,50.05,1.9,30.0,91.0,29.220000000000027,31.345000000000027,7.352541232931203,0
2026-02-22 23:40:00,276.65,49.85,1.95,30.0,91.0,29.214000000000024,31.335000000000026,7.357474031119511,0
2026-02-22 23:50:00,276.55,49.4,1.95,30.0,91.0,29.24900000000003,31.362000000000013,7.342059036781048,0
