timestamp,average_gas,average_light,average_loudness,n_devices,average_temperature,average_humidity,average_object,average_ambient,average_visible,average_uv,average_ir,average_distance,ocupada
2026-01-03 10:00:00,283.0,59.75,2.0,0.0,31.0,78.6,30.28058823529414,32.384117647058844,0.0,0.0,0.0,7.116794586181641,0
2026-01-03 10:10:00,282.55,61.3,1.95,0.0,31.0,78.3,30.230000000000025,32.42230769230771,0.0,0.0,0.0,7.120905251338564,0
2026-01-03 10:20:00,282.15,62.75,2.0,0.0,31.0,78.07692307692308,30.2366666666667,32.44444444444447,0.0,0.0,0.0,6.973332372205011,0
2026-01-03 10:30:00,282.1,74.9,2.0,0.0,31.0,78.0,30.309000000000037,32.48600000000002,0.0,0.0,0.0,7.079181999995791,0
2026-01-03 10:40:00,281.8,81.55,1.95,0.0,31.0,78.0,30.30400000000003,32.47300000000003,0.0,0.0,0.0,7.034170216527478,0
2026-01-03 10:50:00,281.95,74.45,1.95,0.0,31.0,78.0,30.273000000000025,32.561000000000035,0.0,0.0,0.0,6.949901580810547,0
2026-01-03 11:00:00,281.95,67.25,2.0,0.0,31.0,78.0,30.32100000000003,32.52700000000004,0.0,0.0,0.0,7.029237418339171,0
2026-01-03 11:10:00,282.1,95.25,2.0,0.0,31.0,78.0,30.363000000000024,32.53000000000003,0.0,0.0,0.0,7.092952728271484,0
2026-01-03 11:20:00,282.75,90.2,2.0,0.0,31.0,78.0,30.37800000000004,32.56200000000003,0.0,0.0,0.0,7.065584352358283,0
2026-01-03 11:30:00,283.05,107.7,2.0,0.0,31.0,78.0,30.427647058823563,32.69000000000005,0.0,0.0,0.0,7.0142334905164,0
2026-01-03 11:40:00,284.15,78.35,2.0,0.0,31.0,78.0,30.39333333333336,32.703333333333376,0.0,0.0,0.0,6.969016173790241,0
2026-01-03 11:50:00,285.1,118.45,2.0,0.0,31.0,78.0,30.430000000000035,32.65444444444448,0.0,0.0,0.0,7.028620818565631,0
2026-01-03 12:00:00,286.15,118.05,2.0,0.0,31.0,78.0,30.46444444444448,32.73555555555561,0.0,0.0,0.0,7.013822424000708,0
2026-01-03 12:10:00,287.15,105.9,2.0,0.0,31.0,78.0,30.452222222222257,32.771111111111146,0.0,0.0,0.0,7.047940944803172,0
2026-01-03 12:20:00,287.65,117.65,1.95,0.0,31.0,78.0,30.517777777777813,32.80000000000002,0.0,0.0,0.0,6.951134780357624,0
2026-01-03 12:30:00,288.0,73.5,2.0,0.0,31.0,78.0,30.504444444444477,32.78444444444447,0.0,0.0,0.0,7.031292750917632,0
2026-01-03 12:40:00,288.3,121.1,2.0,0.0,31.0,78.0,30.41555555555559,32.70222222222227,0.0,0.0,0.0,6.948257314747777,0
2026-01-03 12:50:00,288.05,122.5,2.0,0.0,31.0,78.0,30.37352941176473,32.69235294117652,0.0,0.0,0.0,6.940035984433931,0
2026-01-03 13:00:00,287.85,123.85,2.05,0.0,31.0,78.0,30.34222222222225,32.74777777777783,0.0,0.0,0.0,6.941885783754546,0
2026-01-03 13:10:00,287.75,130.05,2.0,0.0,31.0,78.0,30.48222222222225,32.696666666666715,0.0,0.0,0.0,6.95832844438224,0
2026-01-03 13:20:00,287.65,73.55,2.0,0.0,31.0,78.0,30.471111111111146,32.80333333333334,0.0,0.0,0.0,6.92503205661116,0
2026-01-03 13:30:00,287.85,68.9,2.0,0.0,31.0,78.0,30.40888888888892,32.8088888888889,0.0,0.0,0.0,6.942913450043777,0
2026-01-03 13:40:00,287.85,101.3,2.0,0.0,31.0,78.0,30.3877777777778,32.79111111111113,0.0,0.0,0.0,6.941885783754546,0
2026-01-03 13:50:00,286.85,75.65,2.05,0.0,31.0,78.0,30.472222222222257,32.78666666666669,0.0,0.0,0.0,6.928937188510237,0
2026-01-03 14:00:00,287.75,73.6,2.0,0.0,31.1,78.0,30.39705882352944,32.85235294117649,0.0,0.0,0.0,6.940241517691777,0
2026-01-03 14:10:00,288.3,84.45,2.0,0.0,31.0,78.0,30.4966666666667,32.88888888888892,0.0,0.0,0.0,6.946807764402967,0
2026-01-03 14:20:00,288.0,75.3,2.0,0.0,31.09090909090909,78.0,30.46777777777781,32.84000000000003,0.0,0.0,0.0,6.941269183981008,0
2026-01-03 14:30:00,287.1,86.65,2.0,0.0,31.0,78.0,30.511111111111145,32.78555555555558,0.0,0.0,0.0,6.939624917918239,0
2026-01-03 14:40:00,287.25,126.0,2.0,0.0,31.0,78.08333333333333,30.44411764705886,32.760588235294165,0.0,0.0,0.0,6.9568897115773165,0
2026-01-03 14:50:00,287.95,83.35,2.05,0.0,31.07692307692308,78.0,30.51555555555558,32.90888888888892,0.0,0.0,0.0,6.944146649590854,0
2026-01-03 15:00:00,286.95,133.5,2.05,0.0,31.153846153846157,78.07692307692308,30.421111111111134,32.903333333333364,0.0,0.0,0.0,6.920629317877297,0
2026-01-03 15:10:00,286.35,135.65,2.0,0.0,31.1,78.1,30.467777777777805,32.87555555555557,0.0,0.0,0.0,6.96238502183973,0
2026-01-03 15:20:00,286.1,132.55,2.0,1.0,31.2,78.1,30.42555555555559,32.855555555555576,0.0,0.0,0.0,6.969838306821626,0
2026-01-03 15:30:00,286.0,130.9,2.0,0.0,31.1,78.1,30.528000000000038,32.91400000000002,0.0,0.0,0.0,6.935308719503468,0
2026-01-03 15:40:00,286.65,129.1,1.9,1.0,23.625,58.5,30.593000000000032,32.94600000000002,0.0,0.0,0.0,6.970454906595164,0
2026-01-03 15:50:00,285.95,130.55,2.0,0.0,31.307692307692307,78.07692307692308,30.547894736842142,32.94473684210528,0.0,0.0,0.0,6.967166374469626,0
2026-01-03 16:00:00,285.3,128.35,2.05,0.0,31.33333333333333,78.0,30.607894736842137,32.91736842105265,0.0,0.0,0.0,6.937980651855469,0
2026-01-03 16:10:00,284.7,129.05,2.0,0.0,31.73333333333333,78.06666666666666,30.50600000000004,32.94300000000001,0.0,0.0,0.0,6.972715772431473,0
2026-01-03 16:20:00,284.15,128.7,2.0,0.0,28.545454545454547,70.9090909090909,30.522631578947404,32.92789473684212,0.0,0.0,0.0,6.9375695853397765,0
2026-01-03 16:30:00,283.4,128.75,2.05,0.0,31.7,78.1,30.46000000000003,32.91444444444446,0.0,0.0,0.0,6.935308719503468,0
2026-01-03 16:40:00,282.2,127.2,2.0,0.0,31.545454545454547,78.0909090909091,30.509000000000032,32.999000000000024,0.0,0.0,0.0,6.933869986698546,0
2026-01-03 16:50:00,281.4,126.5,2.0,1.0,31.63636363636364,78.0,30.501000000000037,32.995000000000026,0.0,0.0,0.0,6.929142721768083,0
2026-01-03 17:00:00,279.85,125.5,2.0,0.0,31.818181818181817,78.0909090909091,30.63000000000003,32.95300000000002,0.0,0.0,0.0,6.935103186245622,0
2026-01-03 17:10:00,278.65,121.85,1.95,0.0,31.727272727272727,78.0,30.56300000000004,33.01000000000003,0.0,0.0,0.0,6.934486586472084,0
2026-01-03 17:20:00,277.35,116.65,2.0,0.0,31.55555555555556,78.11111111111111,30.52058823529416,32.91352941176473,0.0,0.0,0.0,6.936541919050546,0
2026-01-03 17:30:00,276.85,108.3,2.0,0.0,31.818181818181817,78.0,30.49444444444447,32.86666666666668,0.0,0.0,0.0,6.936130852534853,0
2026-01-03 17:40:00,276.05,102.2,2.0,0.0,31.818181818181817,78.0909090909091,30.56684210526319,32.95210526315791,0.0,0.0,0.0,6.935925319277007,0
2026-01-03 17:50:00,274.5,96.1,2.0,0.0,31.83333333333333,78.08333333333333,30.513000000000037,33.02900000000003,0.0,0.0,0.0,6.934486586472084,0
2026-01-03 18:00:00,273.45,91.35,2.0,0.0,31.7,78.3,30.47333333333337,32.84111111111114,0.0,0.0,0.0,6.956478645061624,0
2026-01-03 18:10:00,273.15,86.45,2.0,0.0,31.846153846153847,78.38461538461539,30.52700000000004,32.96700000000003,0.0,0.0,0.0,6.938186185113315,0
2026-01-03 18:20:00,273.0,81.9,2.0,0.0,31.63636363636364,78.63636363636364,30.61100000000004,32.942000000000014,0.0,0.0,0.0,6.938153732493655,0
2026-01-03 18:30:00,273.0,77.65,2.0,0.0,31.77777777777778,78.77777777777777,30.60800000000004,33.01000000000003,0.0,0.0,0.0,6.941885783754546,0
2026-01-03 18:40:00,272.65,74.7,2.0,0.0,31.846153846153847,78.61538461538461,30.59235294117651,32.910000000000025,0.0,0.0,0.0,6.9334589201828525,0
2026-01-03 18:50:00,272.25,71.95,2.0,0.0,31.818181818181817,78.9090909090909,30.62529411764709,32.89117647058827,0.0,0.0,0.0,6.929348255025929,0
2026-01-03 19:00:00,271.55,68.5,1.95,0.0,31.8,78.9,30.61200000000003,32.988000000000014,0.0,0.0,0.0,6.938802784886853,0
2026-01-03 19:20:00,270.1,63.25,2.0,0.0,31.7,78.5,30.6247368421053,32.954210526315805,0.0,0.0,0.0,6.935103186245622,0
2026-01-03 19:30:00,269.85,61.15,2.0,0.0,31.75,78.66666666666667,30.595555555555592,32.89777777777781,0.0,0.0,0.0,6.9706604398530105,0
2026-01-03 19:40:00,268.7,58.7,1.9,0.0,31.75,78.25,30.52555555555559,32.868888888888904,0.0,0.0,0.0,6.966549774696087,0
2026-01-03 19:50:00,268.25,56.7,1.95,0.0,31.692307692307693,78.0,30.553333333333363,32.872222222222234,0.0,0.0,0.0,6.936130852534853,0
2026-01-03 20:00:00,268.15,55.4,1.95,0.0,31.818181818181817,78.0909090909091,30.550000000000036,32.8577777777778,0.0,0.0,0.0,6.933253386925006,0
2026-01-03 20:10:00,268.7,55.0,2.0,0.0,31.76923076923077,78.0,30.47117647058826,32.85000000000002,0.0,0.0,0.0,6.936747452308392,0
2026-01-03 20:20:00,267.45,53.35,2.0,0.0,31.6,78.0,30.567647058823564,32.85705882352943,0.0,0.0,0.0,6.9451743158800845,0
2026-01-03 20:30:00,267.15,52.1,2.0,0.0,31.83333333333333,78.0,30.561111111111146,32.8577777777778,0.0,0.0,0.0,6.940652584207469,0
2026-01-03 20:40:00,266.0,52.3,1.95,0.0,31.75,78.0,30.56714285714289,32.83428571428574,0.0,0.0,0.0,6.936952985566238,0
2026-01-03 20:50:00,266.05,50.45,1.9,0.0,31.545454545454547,78.0,30.48846153846157,32.806923076923084,0.0,0.0,0.0,6.94599644891147,0
2026-01-03 21:00:00,266.8,49.7,1.95,0.0,31.55555555555556,78.0,30.5115384615385,32.8746153846154,0.0,0.0,0.0,6.946407515427162,0
2026-01-03 21:10:00,267.05,49.65,2.0,0.0,31.615384615384617,78.0,30.598750000000035,32.82875000000003,0.0,0.0,0.0,6.939830451176085,0
2026-01-03 21:20:00,267.2,50.25,1.9,0.0,31.53846153846154,78.0,30.621111111111148,32.80666666666668,0.0,0.0,0.0,6.9355142527613145,0
2026-01-03 21:30:00,266.85,49.95,2.0,0.0,31.416666666666668,78.0,30.556666666666697,32.816666666666684,0.0,0.0,0.0,6.946201982169316,0
2026-01-03 21:40:00,267.7,49.9,1.75,0.0,31.63636363636364,78.0909090909091,30.56411764705886,32.79352941176472,0.0,0.0,0.0,6.942296850270238,0
2026-01-03 21:50:00,268.05,49.85,1.9,0.0,31.55555555555556,78.0,30.56111111111115,32.85000000000002,0.0,0.0,0.0,6.936130852534853,0
2026-01-03 22:00:00,267.9,49.95,2.0,1.0,31.666666666666668,78.06666666666666,30.561111111111146,32.80666666666668,0.0,0.0,0.0,6.939830451176085,0
2026-01-03 22:10:00,268.1,49.95,2.05,0.0,31.642857142857142,78.14285714285714,30.558888888888923,32.83444444444447,0.0,0.0,0.0,6.936747452308392,0
2026-01-03 22:20:00,269.0,49.65,2.0,0.0,31.785714285714285,78.14285714285714,30.54333333333337,32.840000000000025,0.0,0.0,0.0,6.936130852534853,0
2026-01-03 22:30:00,269.1,50.3,1.95,0.0,31.5,78.6,30.52444444444448,32.80444444444446,0.0,0.0,0.0,6.946613048685008,0
2026-01-03 22:40:00,269.15,50.2,1.9,0.0,31.5,78.71428571428571,30.52888888888892,32.79000000000002,0.0,0.0,0.0,6.937775118597623,0
2026-01-03 22:50:00,269.85,50.15,2.0,0.0,31.727272727272727,78.45454545454545,30.4923529411765,32.826470588235324,0.0,0.0,0.0,6.935925319277007,0
2026-01-03 23:00:00,269.8,49.95,2.0,0.0,31.785714285714285,78.5,30.52111111111114,32.82333333333335,0.0,0.0,0.0,6.941398994459648,0
2026-01-03 23:10:00,270.05,49.95,2.0,0.0,31.63636363636364,78.63636363636364,30.556666666666707,32.81000000000002,0.0,0.0,0.0,6.938391718371161,0
2026-01-03 23:20:00,269.7,50.0,2.0,0.0,31.5,78.9,30.525294117647096,32.77117647058827,0.0,0.0,0.0,6.921949057743468,0
2026-01-03 23:30:00,270.1,50.25,1.95,0.0,31.55555555555556,78.77777777777777,30.52444444444448,32.75111111111116,0.0,0.0,0.0,6.941474717238854,0
2026-01-03 23:40:00,269.8,50.0,1.9,0.0,31.466666666666665,78.66666666666667,30.54444444444448,32.77000000000004,0.0,0.0,0.0,6.93304785366716,0
2026-01-03 23:50:00,269.55,49.7,2.0,0.0,31.454545454545453,78.54545454545455,30.52647058823533,32.78764705882355,0.0,0.0,0.0,6.941063650723161,0
2026-01-04 00:00:00,268.95,50.3,1.95,0.0,31.5,78.4,30.607647058823563,32.86882352941179,0.0,0.0,0.0,6.940652584207469,0
2026-01-04 00:10:00,269.05,49.7,1.9,0.0,31.571428571428573,78.35714285714286,30.51588235294121,32.77117647058827,0.0,0.0,0.0,6.940035984433931,0
2026-01-04 00:20:00,268.5,50.2,2.0,0.0,31.545454545454547,78.27272727272727,30.51666666666669,32.76888888888893,0.0,0.0,0.0,6.936952985566238,0
2026-01-04 00:30:00,268.9,50.05,2.0,0.0,31.428571428571427,78.21428571428571,30.53333333333337,32.78444444444447,0.0,0.0,0.0,6.936541919050546,0
2026-01-04 00:40:00,268.8,50.15,2.0,0.0,31.6,78.1,30.55117647058827,32.76294117647063,0.0,0.0,0.0,6.966138708180394,0
2026-01-04 00:50:00,268.9,49.95,1.95,0.0,31.5,78.0,30.515555555555597,32.7877777777778,0.0,0.0,0.0,6.941269183981008,0
2026-01-04 01:00:00,268.95,50.15,1.95,0.0,31.545454545454547,78.0,30.55444444444448,32.82000000000002,0.0,0.0,0.0,6.934075519956392,0
2026-01-04 01:10:00,268.05,49.9,2.0,0.0,31.272727272727277,78.0,30.52333333333337,32.811111111111124,0.0,0.0,0.0,6.934281053214238,0
2026-01-04 01:20:00,268.25,50.25,2.0,0.0,31.63636363636364,78.0,30.5252941176471,32.785294117647084,0.0,0.0,0.0,6.945790915653624,0
2026-01-04 01:30:00,268.05,49.9,1.95,0.0,31.4,78.0,30.556666666666707,32.74666666666672,0.0,0.0,0.0,6.96531657514901,0
2026-01-04 01:40:00,268.4,50.2,2.0,0.0,31.63636363636364,78.0,30.5466666666667,32.77000000000004,0.0,0.0,0.0,6.944968782622238,0
2026-01-04 01:50:00,268.5,49.85,2.0,0.0,31.46153846153846,78.0,30.528461538461578,32.76846153846158,0.0,0.0,0.0,6.937775118597623,0
2026-01-04 10:00:00,281.25,57.85,1.9,0.0,31.0,79.0,30.51800000000004,32.57000000000004,0.0,0.0,0.0,6.953395646193932,0
2026-01-04 10:10:00,280.7,59.9,1.95,0.0,31.0,79.0,30.537368421052665,32.59421052631582,0.0,0.0,0.0,6.963055709312702,0
2026-01-04 10:20:00,280.75,68.15,2.0,0.0,31.0,79.0,30.48176470588239,32.65352941176474,0.0,0.0,0.0,6.942091317012392,0
2026-01-04 10:30:00,280.15,77.7,2.0,0.0,31.0,78.84615384615384,30.49352941176474,32.64058823529415,0.0,0.0,0.0,6.962233576281317,0
2026-01-04 10:40:00,279.9,80.7,2.0,0.0,31.0,78.84615384615384,30.50444444444448,32.66333333333336,0.0,0.0,0.0,6.9443521828487,0
2026-01-04 10:50:00,279.4,90.45,2.0,0.0,31.0,78.66666666666667,30.513333333333364,32.67111111111113,0.0,0.0,0.0,6.938597251629007,0
2026-01-04 11:00:00,279.65,95.6,2.0,0.0,31.0,78.23076923076923,30.584444444444483,32.72000000000005,0.0,0.0,0.0,6.940241517691777,0
2026-01-04 11:10:00,279.75,103.25,2.0,0.0,31.11111111111111,78.55555555555556,30.559411764705917,32.78647058823532,0.0,0.0,0.0,6.936336385792699,0
2026-01-04 11:20:00,279.1,108.9,2.0,0.0,31.1,78.5,30.54333333333337,32.76333333333338,0.0,0.0,0.0,6.939008318144699,0
2026-01-04 11:30:00,278.85,115.85,2.0,0.0,31.33333333333333,78.08333333333333,30.551111111111155,32.77888888888892,0.0,0.0,0.0,6.93736405208193,0
2026-01-04 11:40:00,278.9,69.0,2.0,0.0,31.0,78.22222222222223,30.542941176470627,32.8029411764706,0.0,0.0,0.0,6.936747452308392,0
2026-01-04 11:50:00,278.95,65.6,2.0,0.0,31.153846153846157,78.07692307692308,30.57888888888893,32.80000000000002,0.0,0.0,0.0,6.932225720635776,0
2026-01-04 12:00:00,279.1,66.85,2.0,0.0,31.33333333333333,78.06666666666666,30.54222222222226,32.827777777777804,0.0,0.0,0.0,6.942707916785931,0
2026-01-04 12:10:00,278.8,70.15,1.95,0.0,31.25,78.08333333333333,30.57222222222225,32.83000000000003,0.0,0.0,0.0,6.942707916785931,0
2026-01-04 12:20:00,279.65,66.7,2.0,0.0,31.25,78.0,30.52000000000003,32.83285714285717,0.0,0.0,0.0,6.975182171525626,0
2026-01-04 12:30:00,280.3,66.05,1.95,0.0,31.3,78.1,30.546923076923107,32.83769230769234,0.0,0.0,0.0,6.969427240305934,0
2026-01-04 12:40:00,280.9,73.4,2.0,0.0,31.3,78.1,30.572352941176508,32.84647058823532,0.0,0.0,0.0,6.9416802504967,0
2026-01-04 12:50:00,280.85,101.0,2.0,0.0,31.22222222222222,78.33333333333333,30.564444444444486,32.82000000000002,0.0,0.0,0.0,6.939624917918239,0
2026-01-04 13:00:00,279.65,108.5,2.0,0.0,31.5,78.375,30.56764705882356,32.87705882352943,0.0,0.0,0.0,6.935925319277007,0
2026-01-04 13:10:00,280.5,75.7,1.95,0.0,31.4,78.3,30.583333333333368,32.860000000000014,0.0,0.0,0.0,6.9568897115773165,0
2026-01-04 13:20:00,279.95,123.05,2.0,0.0,31.615384615384617,78.23076923076923,30.686000000000032,33.00300000000003,0.0,0.0,0.0,6.9472296484585465,0
2026-01-04 13:30:00,280.1,80.2,1.95,0.0,31.666666666666668,78.33333333333333,30.58529411764709,32.89588235294121,0.0,0.0,0.0,6.945379849137931,0
2026-01-04 13:40:00,280.4,86.25,2.0,0.0,31.6,78.5,30.62700000000003,33.02700000000003,0.0,0.0,0.0,6.936541919050546,0
2026-01-04 13:50:00,280.75,88.7,2.0,0.0,31.727272727272727,78.72727272727273,30.653000000000038,32.95700000000002,0.0,0.0,0.0,6.949490514294855,0
2026-01-04 14:00:00,281.05,129.05,2.05,0.0,31.76923076923077,78.38461538461539,30.63777777777781,32.86222222222224,0.0,0.0,0.0,6.944211554830174,0
2026-01-04 14:10:00,281.2,125.75,2.0,0.0,31.90909090909091,78.45454545454545,30.700000000000024,32.98300000000002,0.0,0.0,0.0,6.934486586472084,0
2026-01-04 14:20:00,281.1,99.2,2.05,0.0,31.8125,78.375,30.70400000000003,33.01100000000003,0.0,0.0,0.0,6.940533591268716,0
2026-01-04 14:30:00,281.35,127.4,2.0,2.0,31.818181818181817,78.45454545454545,30.74700000000003,33.00100000000003,0.0,0.0,0.0,6.929142721768083,0
2026-01-04 14:40:00,281.2,127.3,2.0,0.0,32.0,78.46153846153847,30.743000000000023,32.99300000000002,0.0,0.0,0.0,6.934281053214238,0
2026-01-04 14:50:00,280.4,126.45,2.0,0.0,32.0,78.61538461538461,30.745000000000022,33.05100000000002,0.0,0.0,0.0,6.95668417831947,0
2026-01-04 15:00:00,280.15,123.9,2.05,0.0,32.0,78.45454545454545,30.665555555555592,33.07777777777782,0.0,0.0,0.0,6.93736405208193,0
2026-01-04 15:10:00,280.4,137.7,2.05,0.0,32.0,78.9090909090909,30.743000000000027,33.04500000000002,0.0,0.0,0.0,6.937158518824084,0
2026-01-04 15:20:00,280.05,142.05,2.0,0.0,32.0,78.63636363636364,30.698000000000025,33.04900000000002,0.0,0.0,0.0,6.935308719503468,0
2026-01-04 15:30:00,279.5,140.15,2.0,0.0,32.0,78.0,30.63200000000004,33.01500000000004,0.0,0.0,0.0,6.932636787151468,0
2026-01-04 15:40:00,280.4,135.4,2.05,0.0,32.0,78.07692307692308,30.60222222222226,33.08777777777781,0.0,0.0,0.0,6.932225720635776,0
2026-01-04 15:50:00,280.05,140.65,2.0,0.0,32.0,78.07142857142857,30.7266666666667,33.09333333333336,0.0,0.0,0.0,6.9258541896425445,0
2026-01-04 16:00:00,279.85,132.8,2.0,0.0,32.0,78.4,30.654210526315826,33.09105263157898,0.0,0.0,0.0,6.927498455705313,0
2026-01-04 16:10:00,279.5,130.2,2.0,0.0,32.0,78.1,30.772222222222243,33.098888888888915,0.0,0.0,0.0,6.917632859328697,0
2026-01-04 16:20:00,279.7,129.4,2.1,0.0,32.0,78.0,30.660588235294146,33.12882352941181,0.0,0.0,0.0,6.930786987830853,0
2026-01-04 16:30:00,279.05,128.3,2.0,0.0,32.0,77.33333333333333,30.62000000000003,33.041000000000025,0.0,0.0,0.0,6.92503205661116,0
2026-01-04 16:40:00,277.15,128.0,2.0,0.0,32.0,77.92857142857143,30.64800000000003,33.01800000000004,0.0,0.0,0.0,6.951340313615471,0
2026-01-04 16:50:00,277.0,126.55,2.0,0.0,32.0,78.0,30.674705882352978,33.093529411764735,0.0,0.0,0.0,6.962439109539163,0
2026-01-04 17:00:00,277.7,124.8,2.0,0.0,32.0,78.0,30.72777777777781,33.19333333333338,0.0,0.0,0.0,6.928115055478853,0
2026-01-04 17:10:00,277.3,123.1,2.05,0.0,32.0,78.0,30.71235294117649,33.114705882352965,0.0,0.0,0.0,6.978265170393319,0
2026-01-04 17:20:00,276.45,115.85,2.0,0.0,32.0,77.92857142857143,30.653157894736875,33.07842105263162,0.0,0.0,0.0,6.93736405208193,0
2026-01-04 17:30:00,276.35,108.25,2.0,0.0,32.0,77.41666666666667,30.72000000000002,33.08250000000004,0.0,0.0,0.0,6.9375695853397765,0
2026-01-04 17:40:00,275.85,101.45,2.0,0.0,32.0,77.11111111111111,30.68090909090912,33.12090909090912,0.0,0.0,0.0,6.942913450043777,0
2026-01-04 17:50:00,274.15,96.45,2.0,0.0,32.0,77.18181818181819,30.72833333333336,33.10333333333335,0.0,0.0,0.0,6.937158518824084,0
2026-01-04 18:00:00,275.95,91.5,2.0,0.0,32.0,77.0,30.69000000000003,33.126470588235335,0.0,0.0,0.0,6.930581454573007,0
2026-01-04 18:10:00,273.7,86.35,2.0,0.0,32.0,77.0,30.741000000000025,33.03700000000002,0.0,0.0,0.0,6.93736405208193,0
2026-01-04 18:20:00,274.0,81.75,2.0,0.0,32.0,77.0,30.697777777777805,33.14777777777782,0.0,0.0,0.0,6.9334589201828525,0
2026-01-04 18:30:00,274.0,77.95,2.0,0.0,32.0,77.0,30.699000000000023,33.056000000000026,0.0,0.0,0.0,6.935925319277007,0
2026-01-04 18:40:00,274.6,74.55,2.0,0.0,32.0,77.0,30.782222222222245,33.11555555555558,0.0,0.0,0.0,6.936952985566238,0
2026-01-04 18:50:00,274.25,71.95,1.95,0.0,32.0,77.0,30.7377777777778,33.09777777777781,0.0,0.0,0.0,6.935925319277007,0
2026-01-04 19:00:00,273.65,69.4,2.0,0.0,32.0,77.0,30.74578947368424,33.0605263157895,0.0,0.0,0.0,6.934486586472084,0
2026-01-04 19:10:00,272.95,66.1,2.0,0.0,32.0,77.0,30.753333333333355,33.09333333333336,0.0,0.0,0.0,6.950518180584085,0
2026-01-04 19:20:00,272.15,63.05,2.0,0.0,32.0,77.0,30.77947368421055,33.07842105263162,0.0,0.0,0.0,6.932636787151468,0
2026-01-04 19:30:00,272.05,61.25,1.95,0.0,32.0,76.84615384615384,30.753000000000032,33.022000000000034,0.0,0.0,0.0,6.936130852534853,0
2026-01-04 19:50:00,269.65,57.05,1.95,0.0,32.0,76.33333333333333,30.724000000000025,33.05100000000002,0.0,0.0,0.0,6.932431253893622,0
2026-01-04 20:00:00,269.65,56.25,2.0,0.0,32.0,76.2,30.755555555555578,33.09666666666669,0.0,0.0,0.0,6.957917377866548,0
2026-01-04 20:10:00,269.85,55.3,2.0,0.0,32.0,76.0,30.740000000000038,33.14500000000004,0.0,0.0,0.0,6.939008318144699,0
2026-01-04 20:20:00,269.0,53.6,2.0,0.0,32.0,76.08333333333333,30.709000000000024,33.00100000000003,0.0,0.0,0.0,6.920099258422852,0
2026-01-04 20:30:00,269.45,52.45,1.9,0.0,32.0,76.07692307692308,30.67400000000003,32.99800000000003,0.0,0.0,0.0,6.936855627707258,0
2026-01-04 20:40:00,269.75,50.9,1.9,0.0,32.0,76.1,30.783000000000023,33.03300000000003,0.0,0.0,0.0,6.9316091208622375,0
2026-01-04 20:50:00,268.85,50.5,1.95,0.0,32.0,76.0,30.721000000000025,32.97900000000002,0.0,0.0,0.0,6.945379849137932,0
2026-01-04 21:00:00,268.95,49.8,1.95,0.0,32.0,76.0,30.774000000000022,33.05200000000003,0.0,0.0,0.0,6.9416802504967,0
2026-01-04 21:10:00,269.95,49.95,2.0,0.0,32.0,76.0,30.71900000000003,33.05200000000002,0.0,0.0,0.0,6.932636787151468,0
2026-01-04 21:20:00,270.3,50.0,2.0,0.0,32.0,76.0,30.743000000000027,33.025000000000034,0.0,0.0,0.0,6.942296850270239,0
2026-01-04 21:30:00,271.0,49.9,2.0,0.0,32.0,76.0,30.773000000000017,32.981000000000016,0.0,0.0,0.0,6.931198054346545,0
2026-01-04 21:40:00,271.6,50.25,2.0,0.0,32.0,76.0,30.78100000000002,32.94700000000002,0.0,0.0,0.0,6.932842320409314,0
2026-01-04 21:50:00,271.9,50.3,2.0,0.0,32.0,76.0,30.69100000000003,32.990000000000016,0.0,0.0,0.0,6.956273111803778,0
2026-01-04 22:00:00,272.9,49.6,1.9,1.0,32.0,76.0,30.748000000000022,33.01300000000004,0.0,0.0,0.0,6.943530049817316,0
2026-01-04 22:10:00,272.35,49.75,2.0,0.0,32.0,76.0,30.745000000000022,32.96600000000002,0.0,0.0,0.0,6.934897652987776,0
2026-01-04 22:20:00,272.8,49.8,1.9,0.0,32.0,76.0,30.786000000000023,33.00500000000003,0.0,0.0,0.0,6.942091317012393,0
2026-01-04 22:30:00,272.65,50.1,2.0,0.0,32.0,76.0,30.72300000000003,32.96500000000002,0.0,0.0,0.0,6.939008318144699,0
2026-01-04 22:40:00,272.15,50.05,1.95,0.0,32.0,76.0,30.75315789473687,32.94368421052633,0.0,0.0,0.0,6.943941116333008,0
2026-01-04 22:50:00,272.15,50.4,2.0,0.0,32.0,76.11111111111111,30.69900000000003,33.038000000000025,0.0,0.0,0.0,6.9316091208622375,0
2026-01-04 23:00:00,271.55,50.2,2.0,0.0,32.0,76.07692307692308,30.711000000000027,32.99300000000002,0.0,0.0,0.0,6.934281053214238,0
2026-01-04 23:10:00,271.4,49.75,1.85,0.0,32.0,76.07142857142857,30.73500000000002,32.969000000000015,0.0,0.0,0.0,6.926881855931775,0
2026-01-04 23:20:00,271.2,50.05,2.0,0.0,32.0,76.18181818181819,30.751000000000023,32.96400000000002,0.0,0.0,0.0,6.938597251629007,0
2026-01-04 23:30:00,270.95,50.0,2.0,0.0,32.0,76.5,30.646000000000036,32.99000000000002,0.0,0.0,0.0,6.936952985566238,0
2026-01-04 23:40:00,270.55,49.7,1.9,0.0,32.0,76.5,30.68222222222225,32.900000000000034,0.0,0.0,0.0,6.943941116333008,0
2026-01-04 23:50:00,270.8,49.7,1.9,0.0,32.0,76.78571428571429,30.6826315789474,32.92894736842107,0.0,0.0,0.0,6.940652584207469,0
2026-01-05 00:00:00,270.5,50.25,1.9,0.0,32.0,77.0,30.70900000000003,32.94700000000002,0.0,0.0,0.0,6.936952985566238,0
2026-01-05 00:10:00,270.35,49.7,2.0,0.0,32.0,77.0,30.68500000000003,33.07500000000003,0.0,0.0,0.0,6.938153732493655,0
2026-01-05 00:20:00,270.0,49.95,1.9,0.0,32.0,77.0,30.776315789473703,32.93210526315791,0.0,0.0,0.0,6.934075519956392,0
2026-01-05 00:30:00,269.8,50.05,1.95,0.0,32.0,77.0,30.668888888888915,32.92333333333335,0.0,0.0,0.0,6.9355142527613145,0
2026-01-05 00:40:00,269.8,49.8,1.95,0.0,32.0,77.0,30.74300000000002,32.96100000000002,0.0,0.0,0.0,6.941269183981008,0
2026-01-05 00:50:00,269.7,50.15,2.0,0.0,32.0,77.0,30.733000000000025,32.95300000000002,0.0,0.0,0.0,6.922143773461427,0
2026-01-05 01:00:00,269.4,49.9,1.9,0.0,32.0,77.0,30.742000000000026,33.002000000000024,0.0,0.0,0.0,6.969016173790241,0
2026-01-05 01:10:00,269.8,50.0,1.9,0.0,32.0,77.0,30.727777777777803,32.92444444444447,0.0,0.0,0.0,6.933869986698546,0
2026-01-05 01:20:00,269.8,50.15,2.0,0.0,32.0,77.0,30.776000000000028,32.97000000000002,0.0,0.0,0.0,6.938391718371161,0
2026-01-05 01:30:00,269.75,50.05,2.0,0.0,32.0,77.0625,30.741000000000028,32.95300000000002,0.0,0.0,0.0,6.932431253893622,0
2026-01-05 01:40:00,269.9,50.2,1.9,0.0,32.0,77.1,30.68600000000003,32.98800000000002,0.0,0.0,0.0,6.9355142527613145,0
2026-01-05 01:50:00,269.65,49.85,2.0,0.0,32.0,77.07692307692308,30.66157894736845,32.91947368421055,0.0,0.0,0.0,6.979909436456088,0
2026-01-05 10:00:00,283.0,58.55,2.0,0.0,31.285714285714285,77.07142857142857,30.67352941176474,32.76294117647063,0.0,0.0,0.0,6.939419384660392,0
2026-01-05 10:10:00,283.2,62.55,1.95,0.0,32.0,77.0,30.68444444444448,32.78555555555558,0.0,0.0,0.0,6.957095244835163,0
2026-01-05 10:20:00,283.2,69.45,1.95,0.0,32.0,77.0,30.67333333333336,32.83444444444447,0.0,0.0,0.0,6.934281053214238,0
2026-01-05 10:30:00,287.0,75.75,2.0,0.0,32.0,77.0,30.72111111111114,32.826666666666696,0.0,0.0,0.0,6.935308719503468,0
2026-01-05 10:40:00,293.1,82.3,1.95,0.0,32.0,76.83333333333333,30.73333333333336,32.852222222222245,0.0,0.0,0.0,6.942913450043777,0
2026-01-05 10:50:00,294.15,91.95,2.0,0.0,32.0,76.46666666666667,30.68294117647062,32.8323529411765,0.0,0.0,0.0,6.927087389189621,0
2026-01-05 11:00:00,294.0,94.0,1.9,0.0,32.0,76.36363636363636,30.71947368421056,32.92473684210528,0.0,0.0,0.0,6.9355142527613145,0
2026-01-05 11:10:00,293.4,103.65,2.05,0.0,31.866666666666667,76.0,30.76700000000002,33.01900000000004,0.0,0.0,0.0,6.935308719503468,0
2026-01-05 11:20:00,292.1,108.3,2.0,1.0,32.0,76.0909090909091,30.774000000000022,32.93500000000002,0.0,0.0,0.0,6.93469211972993,0
2026-01-05 11:30:00,291.0,94.8,2.0,0.0,32.0,76.0,30.74900000000003,32.96300000000002,0.0,0.0,0.0,6.929142721768083,0
2026-01-05 11:40:00,290.0,70.6,2.0,0.0,32.0,76.0,30.800000000000026,33.00800000000004,0.0,0.0,0.0,6.942502383528084,0
2026-01-05 11:50:00,287.55,75.65,1.95,1.0,32.0,76.0,30.78100000000002,32.98300000000002,0.0,0.0,0.0,6.936130852534853,0
2026-01-05 12:00:00,288.5,76.3,2.05,5.0,32.0,76.0,30.750000000000025,32.98600000000002,0.0,0.0,0.0,6.943530049817316,0
2026-01-05 12:10:00,288.0,130.0,2.0,3.0,32.0,76.0,30.761000000000024,32.95100000000002,0.0,0.0,0.0,6.945379849137931,0
2026-01-05 12:20:00,289.95,113.0,1.95,5.0,32.0,75.41176470588235,30.777000000000022,32.995000000000026,0.0,0.0,0.0,6.937775118597623,0
2026-01-05 12:30:00,290.0,74.55,2.0,6.0,32.0,75.1,30.83400000000002,33.038000000000025,0.0,0.0,0.0,6.939213851402545,0
2026-01-05 12:40:00,290.0,118.85,2.0,4.0,32.0,75.1,30.84222222222224,33.15333333333337,0.0,0.0,0.0,6.9375695853397765,0
2026-01-05 12:50:00,288.4,68.55,2.0,7.0,32.0,75.2,30.85222222222224,33.13333333333337,0.0,0.0,0.0,6.936747452308392,0
2026-01-05 13:00:00,288.35,69.6,1.95,5.0,32.0,75.08333333333333,30.81421052631581,33.0826315789474,0.0,0.0,0.0,6.968194040758856,0
2026-01-05 13:10:00,288.25,115.95,1.95,8.0,32.0,75.08333333333333,30.775000000000027,32.999000000000024,0.0,0.0,0.0,6.939008318144699,0
2026-01-05 13:20:00,287.95,91.2,2.0,5.0,32.0,75.1,30.752000000000027,33.01400000000003,0.0,0.0,0.0,6.93772103089819,0
2026-01-05 13:30:00,288.35,67.15,2.0,6.0,32.0,75.0,30.773000000000028,33.06700000000004,0.0,0.0,0.0,6.940241517691777,0
2026-01-05 13:40:00,289.0,146.15,2.0,8.0,32.0,75.0909090909091,30.742000000000026,33.03300000000002,0.0,0.0,0.0,6.944763249364392,0
2026-01-05 13:50:00,289.45,75.2,2.0,6.0,32.0,75.0,30.83210526315792,33.218421052631605,0.0,0.0,0.0,6.957711844608702,0
2026-01-05 14:00:00,289.25,129.25,2.05,8.0,32.0,75.0,30.778888888888915,33.1166666666667,0.0,0.0,0.0,6.9610003767342405,0
2026-01-05 14:10:00,288.15,132.4,2.05,4.0,32.0,75.0,30.8158823529412,33.08058823529415,0.0,0.0,0.0,6.964288908859779,0
2026-01-05 14:20:00,287.05,145.4,1.9,7.0,32.0,75.27272727272727,30.755555555555578,33.124444444444485,0.0,0.0,0.0,6.941885783754546,0
2026-01-05 14:30:00,286.0,132.95,2.0,6.0,32.0,75.0,30.77352941176473,33.141764705882395,0.0,0.0,0.0,6.961822509765625,0
2026-01-05 14:40:00,285.95,132.4,2.0,7.0,32.0,75.0909090909091,30.68157894736845,33.06684210526319,0.0,0.0,0.0,6.935719786019161,0
2026-01-05 14:50:00,284.3,131.3,2.0,7.0,32.0,75.0,30.76294117647061,33.15235294117652,0.0,0.0,0.0,6.934897652987776,0
2026-01-05 15:00:00,284.75,132.05,2.0,6.0,32.0,75.53846153846153,30.8277777777778,33.122222222222256,0.0,0.0,0.0,6.936747452308392,0
2026-01-05 15:10:00,284.3,133.85,2.1,6.0,32.0,75.18181818181819,30.85555555555557,33.17444444444448,0.0,0.0,0.0,6.930992521088699,0
2026-01-05 15:20:00,285.05,134.15,2.05,7.0,32.0,75.14285714285714,30.8523529411765,33.2017647058824,0.0,0.0,0.0,6.9237988570640825,0
2026-01-05 15:30:00,284.5,77.15,2.0,5.0,32.0,75.07692307692308,30.78666666666669,33.20111111111115,0.0,0.0,0.0,6.941063650723161,0
2026-01-05 15:40:00,283.2,80.2,2.0,2.0,32.0,75.18181818181819,30.820000000000025,33.18111111111116,0.0,0.0,0.0,6.928115055478853,0
2026-01-05 15:50:00,281.95,70.0,2.0,2.0,32.0,75.125,30.72647058823532,33.186470588235345,0.0,0.0,0.0,6.961616976507779,0
2026-01-05 16:00:00,282.4,78.75,2.0,2.0,32.0,75.0,30.690000000000037,33.11111111111114,0.0,0.0,0.0,6.911326233574786,0
2026-01-05 16:10:00,280.9,134.85,2.05,2.0,32.0,75.0,30.702222222222247,33.092222222222254,0.0,0.0,0.0,6.938153732493655,0
2026-01-05 16:20:00,279.95,85.7,2.0,3.0,32.0,75.0,30.74111111111113,33.16000000000004,0.0,0.0,0.0,6.932636787151468,0
2026-01-05 16:30:00,278.35,86.3,2.05,3.0,32.0,74.1,30.67888888888892,33.178888888888935,0.0,0.0,0.0,6.943530049817316,0
2026-01-05 16:40:00,277.45,94.4,2.0,3.0,32.0,74.0,30.61200000000003,33.04200000000003,0.0,0.0,0.0,6.960794843476394,0
2026-01-05 16:50:00,275.65,130.8,2.0,7.0,32.0,74.0,30.680000000000035,33.10333333333336,0.0,0.0,0.0,6.942296850270239,0
2026-01-05 17:00:00,273.95,127.05,2.0,8.0,32.0,74.0,30.62900000000003,33.019000000000034,0.0,0.0,0.0,6.959561643929317,0
2026-01-05 17:10:00,273.05,125.55,2.0,4.0,32.0,74.0,30.62500000000004,33.05700000000003,0.0,0.0,0.0,6.936422926111793,0
2026-01-05 17:20:00,272.35,118.4,2.0,8.0,32.0,73.35714285714286,30.568000000000037,33.02400000000003,0.0,0.0,0.0,6.941269183981008,0
2026-01-05 17:30:00,270.85,109.05,2.0,3.0,32.0,73.0,30.53600000000003,33.01800000000004,0.0,0.0,0.0,6.9568897115773165,0
2026-01-05 17:40:00,269.45,102.35,2.0,8.0,32.0,73.0909090909091,30.60500000000004,33.06100000000003,0.0,0.0,0.0,6.961616976507779,0
2026-01-05 17:50:00,268.65,97.0,1.95,6.0,32.0,73.0,30.630000000000035,33.05100000000003,0.0,0.0,0.0,6.9823758355502425,0
2026-01-05 18:00:00,268.25,92.5,2.0,5.0,32.0,73.1,30.62222222222225,33.11333333333336,0.0,0.0,0.0,7.067315158740145,0
2026-01-05 18:10:00,267.5,86.55,2.0,8.0,32.0,73.0,30.53300000000004,32.99800000000003,0.0,0.0,0.0,7.054312475796404,0
2026-01-05 18:20:00,266.2,81.9,2.0,3.0,32.0,73.0,30.52300000000003,32.99700000000002,0.0,0.0,0.0,7.10877878912564,0
2026-01-05 18:30:00,266.15,79.0,2.0,3.0,32.0,73.0,30.605000000000032,33.019000000000034,0.0,0.0,0.0,7.185853760817955,0
2026-01-05 18:40:00,265.95,74.9,2.0,6.0,32.0,73.0,30.60800000000003,32.98500000000002,0.0,0.0,0.0,7.159264247776592,0
2026-01-05 18:50:00,266.05,72.3,2.0,1.0,32.0,73.0,30.548000000000037,33.00000000000003,0.0,0.0,0.0,7.090280795919484,0
2026-01-05 19:00:00,265.9,67.6,2.0,1.0,32.0,72.76923076923077,30.47600000000003,32.93700000000002,0.0,0.0,0.0,7.244430739304115,0
2026-01-05 19:10:00,265.1,67.35,2.0,2.0,32.0,72.9,30.52200000000004,32.998000000000026,0.0,0.0,0.0,7.275877327754579,0
2026-01-05 19:20:00,265.25,63.0,2.25,1.0,32.0,73.0,30.53200000000004,32.96100000000002,0.0,0.0,0.0,7.196335956968111,0
2026-01-05 19:30:00,265.35,59.2,1.9,2.0,32.0,73.0,30.55777777777781,32.896666666666704,0.0,0.0,0.0,7.190169959232725,0
2026-01-05 19:40:00,265.25,59.4,2.0,2.0,32.0,73.0,30.55777777777781,32.9377777777778,0.0,0.0,0.0,7.234565142927499,0
2026-01-05 19:50:00,265.6,56.35,1.95,1.0,32.0,73.0,30.5606666666667,32.91533333333335,0.0,0.0,0.0,7.211750951306573,0
2026-01-05 20:00:00,266.0,55.85,2.0,2.0,32.0,73.0,30.552666666666703,32.92333333333335,0.0,0.0,0.0,7.227847450657895,0
2026-01-05 20:10:00,266.9,54.95,2.0,3.0,32.0,73.0,30.49947368421056,32.95315789473686,0.0,0.0,0.0,7.209284552212419,0
2026-01-05 20:20:00,266.9,54.65,1.85,1.0,32.0,73.0,30.520000000000035,32.90222222222226,0.0,0.0,0.0,7.218122482299805,0
2026-01-05 20:30:00,266.95,52.75,2.0,1.0,32.0,73.0,30.44000000000003,32.89222222222225,0.0,0.0,0.0,7.297458319828428,0
2026-01-05 20:40:00,267.0,51.7,1.9,0.0,32.0,73.0,30.41352941176473,32.84529411764708,0.0,0.0,0.0,7.317806112355199,0
2026-01-05 20:50:00,266.75,51.25,2.0,1.0,32.0,73.0,30.468888888888923,32.855555555555576,0.0,0.0,0.0,7.338564971397663,0
2026-01-05 21:00:00,266.75,50.5,1.9,1.0,32.0,73.0,30.46764705882356,32.81705882352943,0.0,0.0,0.0,7.299924718922582,0
2026-01-05 21:10:00,266.7,50.1,2.0,1.0,32.0,73.0,30.42888888888892,32.85333333333335,0.0,0.0,0.0,7.323766576832739,0
2026-01-05 21:20:00,265.95,49.55,1.9,1.0,32.0,73.0,30.385555555555587,32.85000000000002,0.0,0.0,0.0,7.347402901485048,0
2026-01-05 21:30:00,266.0,50.05,1.9,1.0,31.857142857142858,73.0,30.407777777777813,32.82555555555558,0.0,0.0,0.0,7.300541318696121,0
2026-01-05 21:40:00,266.15,49.75,2.0,1.0,31.9375,73.0625,30.415555555555592,32.79000000000002,0.0,0.0,0.0,7.338564971397663,0
2026-01-05 21:50:00,266.05,49.95,1.9,2.0,31.866666666666667,73.33333333333333,30.39555555555559,32.80000000000002,0.0,0.0,0.0,7.339181571171202,0
2026-01-05 22:00:00,266.35,50.1,1.95,1.0,31.857142857142858,73.5,30.384444444444476,32.821111111111136,0.0,0.0,0.0,7.289236989514581,0
2026-01-05 22:10:00,266.8,49.95,1.95,1.0,31.846153846153847,73.84615384615384,30.38444444444448,32.79555555555557,0.0,0.0,0.0,7.316572912808122,0
2026-01-05 22:20:00,267.05,50.2,1.95,1.0,31.666666666666668,73.88888888888889,30.3666666666667,32.78000000000003,0.0,0.0,0.0,7.323766576832738,0
2026-01-05 22:30:00,267.3,49.9,1.9,1.0,31.785714285714285,74.0,30.42666666666669,32.767777777777816,0.0,0.0,0.0,7.323766576832738,0
2026-01-05 22:40:00,267.7,49.6,2.0,1.0,31.75,74.0,30.353333333333367,32.801111111111126,0.0,0.0,0.0,7.316778446065968,0
2026-01-05 22:50:00,267.9,50.25,1.95,1.0,31.7,74.0,30.40555555555558,32.752222222222265,0.0,0.0,0.0,7.300130252180429,0
2026-01-05 23:00:00,268.15,50.1,2.0,1.0,31.666666666666668,74.06666666666666,30.416315789473718,32.73736842105268,0.0,0.0,0.0,7.253474202649347,0
2026-01-05 23:10:00,268.35,49.55,2.0,1.0,31.63636363636364,74.0,30.424117647058857,32.75352941176476,0.0,0.0,0.0,7.18934782620134,0
2026-01-05 23:20:00,268.85,49.95,1.9,1.0,31.77777777777778,74.55555555555556,30.417777777777808,32.74777777777783,0.0,0.0,0.0,7.251624403328731,0
2026-01-05 23:30:00,268.85,50.25,1.95,1.0,31.6,74.8,30.41444444444447,32.79444444444446,0.0,0.0,0.0,7.29088125557735,0
2026-01-05 23:40:00,269.4,49.95,2.0,1.0,31.692307692307693,74.92307692307692,30.378888888888923,32.78333333333336,0.0,0.0,0.0,7.274027528433964,0
2026-01-05 23:50:00,269.05,50.35,1.95,1.0,31.63636363636364,75.0,30.43705882352944,32.71000000000004,0.0,0.0,0.0,7.318011645613046,0
2026-01-06 00:00:00,269.25,50.1,1.95,1.0,31.785714285714285,75.0,30.361111111111143,32.78333333333336,0.0,0.0,0.0,7.281015659200734,0
2026-01-06 00:10:00,269.2,50.05,1.9,1.0,31.545454545454547,75.0,30.43000000000003,32.73222222222227,0.0,0.0,0.0,7.324383176606277,0
2026-01-06 00:20:00,269.1,50.0,2.0,1.0,31.727272727272727,75.0,30.42222222222225,32.77444444444448,0.0,0.0,0.0,7.347608434742895,0
2026-01-06 00:30:00,269.5,50.1,2.0,1.0,31.571428571428573,75.35714285714286,30.43000000000003,32.731111111111154,0.0,0.0,0.0,7.1421725347557,0
2026-01-06 00:40:00,269.75,50.3,1.95,1.0,31.6,75.7,30.414444444444477,32.75888888888893,0.0,0.0,0.0,7.233743009896114,0
2026-01-06 00:50:00,269.9,49.9,2.0,0.0,31.6,75.9,30.408461538461573,32.75000000000005,0.0,0.0,0.0,7.274438594949657,0
2026-01-06 01:00:00,270.45,50.2,1.95,1.0,31.53846153846154,76.0,30.425294117647088,32.74294117647064,0.0,0.0,0.0,7.171260899510877,0
2026-01-06 01:10:00,270.9,49.9,2.0,0.0,31.63636363636364,76.0,30.420588235294144,32.73705882352946,0.0,0.0,0.0,7.237648141795192,0
2026-01-06 01:20:00,271.0,49.35,2.0,1.0,31.4,76.0,30.398000000000028,32.731333333333374,0.0,0.0,0.0,7.147213508342874,0
2026-01-06 01:30:00,271.15,49.65,2.0,1.0,31.454545454545453,76.0909090909091,30.42777777777781,32.69333333333338,0.0,0.0,0.0,7.219150148589035,0
2026-01-06 01:40:00,271.2,50.0,2.0,1.0,31.4,76.06666666666666,30.43777777777781,32.74777777777783,0.0,0.0,0.0,7.299924718922583,0
2026-01-06 01:50:00,271.9,50.0,1.95,1.0,31.363636363636363,76.36363636363636,30.426666666666694,32.694444444444485,0.0,0.0,0.0,7.288425674023083,0
2026-01-06 10:00:00,283.8,57.85,1.9,2.0,31.1,76.9,30.28800000000003,32.51100000000004,0.0,0.0,0.0,7.34945823406351,0
2026-01-06 10:10:00,283.45,59.7,2.0,1.0,31.0,77.0,30.327000000000027,32.49400000000003,0.0,0.0,0.0,7.344525435875202,0
2026-01-06 10:20:00,283.0,61.75,2.0,1.0,31.0,77.0,30.313000000000027,32.550000000000026,0.0,0.0,0.0,7.331912184367379,0
2026-01-06 10:30:00,283.1,76.55,2.0,1.0,31.0,77.0,30.318000000000023,32.57700000000004,0.0,0.0,0.0,7.34843056777428,0
2026-01-06 10:40:00,283.15,84.45,1.95,0.0,31.0,76.5,30.322000000000028,32.58800000000003,0.0,0.0,0.0,7.286153990646889,0
2026-01-06 10:50:00,283.55,91.7,1.95,0.0,31.0,76.0,30.36157894736844,32.64368421052635,0.0,0.0,0.0,7.357062964603818,0
2026-01-06 11:00:00,283.05,65.5,1.95,1.0,31.0,76.0,30.33941176470592,32.62882352941181,0.0,0.0,0.0,7.342881169812433,0
2026-01-07 16:50:00,255.65,199.1,2.5,7.0,31.0,77.92307692307692,29.921000000000028,32.13200000000004,0.0,0.0,0.0,7.339592637686894,0
2026-01-07 17:00:00,252.35,205.25,2.75,7.0,31.0,78.22222222222223,29.91600000000003,32.122000000000035,0.0,0.0,0.0,7.349663767321356,1
2026-01-07 17:10:00,251.7,246.25,5.25,10.0,31.0,78.25,29.918000000000017,32.19300000000005,0.0,0.0,0.0,7.336304105561355,0
2026-01-07 17:20:00,252.05,212.25,2.8,10.0,31.0,79.0,30.001111111111136,32.27444444444448,0.0,0.0,0.0,7.351719099899818,0
2026-01-07 17:30:00,253.05,177.2,2.35,5.0,31.0,79.0,30.091111111111143,32.363333333333344,0.0,0.0,0.0,7.349869300579202,0
2026-01-07 17:40:00,256.4,176.75,2.2,3.0,31.0,79.0,30.185000000000027,32.3016666666667,0.0,0.0,0.0,7.349252700805664,0
2026-01-07 17:50:00,259.7,207.4,2.5,9.0,31.0,79.0,30.19444444444447,32.31888888888892,0.0,0.0,0.0,7.365900894691205,0
2026-01-07 18:00:00,261.9,204.25,2.4,8.0,31.0,79.0,30.16888888888891,32.31000000000003,0.0,0.0,0.0,7.349047167547818,0
2026-01-07 18:10:00,263.55,185.1,2.4,9.0,31.0,79.0,30.134000000000025,32.26300000000004,0.0,0.0,0.0,7.350485900352741,0
2026-01-07 18:20:00,264.65,180.7,2.3,8.0,31.0,79.0,30.152222222222253,32.30888888888892,0.0,0.0,0.0,7.37145029265305,0
2026-01-07 18:30:00,265.95,184.65,2.3,8.0,31.0,79.0,30.176000000000027,32.264000000000046,0.0,0.0,0.0,7.343292236328125,0
2026-01-07 18:40:00,266.7,166.45,2.1,6.0,31.0,78.83333333333333,30.13421052631582,32.2668421052632,0.0,0.0,0.0,7.365489828175512,0
2026-01-07 18:50:00,267.75,180.35,2.25,7.0,31.0,78.9,30.167000000000023,32.26300000000005,0.0,0.0,0.0,7.34945823406351,0
2026-01-07 19:00:00,268.15,172.6,2.25,4.0,31.0,78.66666666666667,30.164444444444467,32.274444444444484,0.0,0.0,0.0,7.339592637686894,0
2026-01-07 19:10:00,270.0,179.3,2.15,6.0,31.0,78.77777777777777,30.13526315789477,32.299473684210554,0.0,0.0,0.0,7.34843056777428,0
2026-01-07 19:20:00,270.0,165.8,2.15,7.0,31.0,78.91666666666667,30.206666666666692,32.33555555555559,0.0,0.0,0.0,7.344027829040416,1
2026-01-07 19:40:00,268.4,62.55,2.0,7.0,31.0,79.0,30.153000000000027,32.217000000000034,0.0,0.0,0.0,7.344730969133048,0
2026-01-07 19:50:00,270.0,61.4,2.0,6.0,31.0,79.0909090909091,30.156000000000024,32.25200000000005,0.0,0.0,0.0,7.359529363697972,0
2026-01-07 20:00:00,270.2,56.55,1.95,7.0,31.0,79.0,30.1966666666667,32.32777777777781,0.0,0.0,0.0,7.361173629760742,0
2026-01-07 20:10:00,270.6,57.95,2.0,6.0,31.0,79.0,30.164000000000023,32.24800000000005,0.0,0.0,0.0,7.372272425684436,0
2026-01-07 20:20:00,271.05,59.95,2.0,7.0,31.0,79.2,30.176000000000027,32.23700000000004,0.0,0.0,0.0,7.342470103296739,0
2026-01-07 20:40:00,271.8,51.25,1.9,6.0,31.0,79.0,30.206666666666703,32.387777777777806,0.0,0.0,0.0,7.361173629760742,0
2026-01-07 20:50:00,272.0,51.9,2.0,2.0,31.0,79.0,30.130000000000035,32.32888888888892,0.0,0.0,0.0,7.358501697408742,0
2026-01-07 21:00:00,272.3,50.2,1.95,1.0,31.0,79.0,30.157000000000032,32.217000000000034,0.0,0.0,0.0,7.348841634289972,0
2026-01-07 21:10:00,273.05,50.35,2.0,2.0,31.0,79.0,30.09400000000003,32.22000000000003,0.0,0.0,0.0,7.351719099899818,0
2026-01-07 21:20:00,274.85,50.1,1.85,2.0,31.0,79.0,30.063000000000024,32.15100000000003,0.0,0.0,0.0,7.366928560980435,0
2026-01-07 21:30:00,274.55,50.1,1.95,2.0,31.0,79.22222222222223,30.077000000000027,32.17400000000003,0.0,0.0,0.0,7.345142035648741,0
2026-01-07 21:40:00,275.45,50.2,1.95,1.0,31.0,79.75,30.031000000000027,32.13700000000004,0.0,0.0,0.0,7.350691433610587,0
2026-01-07 21:50:00,275.95,50.15,1.9,2.0,31.0,79.9,30.021000000000026,32.153000000000034,0.0,0.0,0.0,7.340003704202586,0
2026-01-07 22:00:00,277.0,49.6,2.0,2.0,31.0,79.7,30.071000000000023,32.16700000000002,0.0,0.0,0.0,7.355418698541049,0
2026-01-07 22:10:00,277.85,49.95,1.7,2.0,31.0,79.72727272727273,30.095000000000027,32.17000000000002,0.0,0.0,0.0,7.343703302843817,0
2026-01-07 22:20:00,278.75,50.2,1.9,2.0,31.0,79.83333333333333,30.059000000000022,32.15400000000003,0.0,0.0,0.0,7.349436598983737,0
2026-01-07 22:30:00,279.95,49.95,1.9,2.0,31.0,79.9,30.067000000000025,32.15400000000004,0.0,0.0,0.0,7.345758635422279,0
2026-01-07 22:40:00,279.9,50.1,2.0,2.0,31.0,80.0,30.053000000000026,32.130000000000045,0.0,0.0,0.0,7.34678630171151,0
2026-01-07 22:50:00,280.1,49.75,1.9,0.0,31.0,80.0,30.047000000000025,32.10300000000003,0.0,0.0,0.0,7.349047167547818,0
2026-01-07 23:00:00,280.9,50.1,1.95,1.0,31.0,80.0,30.009000000000025,32.13000000000003,0.0,0.0,0.0,7.351924633157664,0
2026-01-07 23:10:00,281.45,49.8,1.85,0.0,31.0,80.0,30.027000000000022,32.07000000000004,0.0,0.0,0.0,7.342264570038894,0
2026-01-07 23:20:00,281.8,50.25,1.9,0.0,31.0,80.0,29.989000000000026,32.05100000000002,0.0,0.0,0.0,7.350485900352741,0
2026-01-07 23:30:00,282.0,50.0,2.0,2.0,31.0,80.0,30.013000000000023,32.101000000000035,0.0,0.0,0.0,7.345553102164433,0
2026-01-07 23:40:00,282.65,50.05,2.0,0.0,31.0,80.08333333333333,30.022000000000023,32.07000000000004,0.0,0.0,0.0,7.3404147707182785,0
2026-01-07 23:50:00,282.55,49.75,2.0,0.0,31.0,80.07142857142857,29.956000000000028,32.06700000000004,0.0,0.0,0.0,7.350074833837048,0
2026-01-08 00:00:00,282.65,49.8,1.95,0.0,31.0,80.06666666666666,30.02000000000002,32.12700000000004,0.0,0.0,0.0,7.3482250345164335,0
2026-01-08 00:10:00,283.05,49.95,1.95,2.0,31.0,80.0909090909091,29.99800000000003,32.07800000000003,0.0,0.0,0.0,7.353330913342927,0
2026-01-08 00:20:00,283.05,49.9,1.95,1.0,31.0,80.38461538461539,29.978000000000023,32.02400000000003,0.0,0.0,0.0,7.34781396800074,0
2026-01-08 00:30:00,283.15,50.1,1.95,0.0,31.0,80.4,30.01000000000002,32.050000000000026,0.0,0.0,0.0,7.353568899220433,0
2026-01-08 00:40:00,283.9,49.8,2.0,2.0,31.0,80.54545454545455,29.979000000000024,32.02300000000003,0.0,0.0,0.0,7.344676881433615,0
2026-01-08 00:50:00,284.25,50.05,2.0,1.0,31.0,80.45454545454545,29.95400000000002,32.03300000000003,0.0,0.0,0.0,7.339387104429048,0
2026-01-08 01:00:00,284.85,50.05,1.9,0.0,31.0,80.46153846153847,29.98800000000002,32.03000000000003,0.0,0.0,0.0,7.348636101032126,0
2026-01-08 01:10:00,285.2,50.1,1.9,2.0,31.0,80.8,29.975000000000023,32.016000000000034,0.0,0.0,0.0,7.346375235195818,0
2026-01-08 01:20:00,285.2,50.15,1.95,1.0,31.0,80.86666666666666,29.98000000000002,32.00700000000003,0.0,0.0,0.0,7.346580768453664,0
2026-01-08 01:30:00,285.9,50.3,1.85,2.0,31.0,80.84615384615384,29.98700000000002,32.022000000000034,0.0,0.0,0.0,7.376177557583513,0
2026-01-08 01:40:00,286.0,50.2,1.9,2.0,31.0,80.9090909090909,29.943000000000023,32.01000000000003,0.0,0.0,0.0,7.347608434742894,0
2026-01-08 01:50:00,286.3,49.6,1.95,0.0,31.0,81.0,29.965000000000025,32.022000000000034,0.0,0.0,0.0,7.360351496729358,0
2026-01-08 10:00:00,296.85,58.4,1.95,1.0,30.1,81.0,29.76000000000004,31.75600000000004,0.0,0.0,0.0,7.36179022953428,0
2026-01-08 10:10:00,296.95,61.1,1.9,0.0,30.8,81.8,29.742857142857183,31.83000000000003,0.0,0.0,0.0,7.347608434742895,0
2026-01-08 10:20:00,297.25,68.25,2.0,0.0,30.9,81.8,29.778888888888925,31.96000000000003,0.0,0.0,0.0,7.350485900352741,0
2026-01-08 10:30:00,297.75,90.15,2.0,2.0,31.0,81.0909090909091,29.83600000000003,32.12300000000004,0.0,0.0,0.0,7.385015487670898,0
2026-01-08 10:40:00,297.45,86.65,1.95,0.0,31.0,81.0,29.834000000000035,32.14600000000004,0.0,0.0,0.0,7.35110250012628,0
2026-01-08 10:50:00,297.25,89.7,2.0,0.0,31.0,81.36363636363636,29.903000000000027,32.10300000000004,0.0,0.0,0.0,7.356035298314588,0
2026-01-08 11:00:00,297.9,99.35,2.0,2.0,31.0,81.9,29.82800000000003,31.971000000000025,0.0,0.0,0.0,7.350280367094895,0
2026-01-08 11:10:00,298.2,107.0,2.0,2.0,30.8,82.3,29.93300000000002,31.990000000000023,0.0,0.0,0.0,7.351924633157664,0
2026-01-08 11:20:00,298.5,106.85,2.0,2.0,30.8,82.1,29.873333333333356,31.94333333333337,0.0,0.0,0.0,7.350691433610587,0
2026-01-08 11:30:00,298.3,115.1,2.1,2.0,30.90909090909091,82.81818181818181,29.84400000000003,32.01100000000004,0.0,0.0,0.0,7.354802098767511,0
2026-01-08 11:40:00,297.85,120.15,2.0,2.0,30.727272727272727,82.36363636363636,29.926666666666687,31.955555555555584,0.0,0.0,0.0,7.351719099899818,0
2026-01-08 11:50:00,296.15,114.9,2.0,0.0,31.0,82.66666666666667,29.87333333333336,31.967777777777805,0.0,0.0,0.0,7.351924633157664,0
2026-01-08 12:00:00,295.95,116.1,2.0,3.0,31.0,82.78571428571429,29.857368421052666,31.973157894736868,0.0,0.0,0.0,7.358707230666588,0
2026-01-08 12:10:00,295.15,64.4,2.0,2.0,31.0,82.77777777777777,29.892000000000024,31.97900000000002,0.0,0.0,0.0,7.3482250345164335,0
2026-01-08 12:20:00,294.5,126.95,2.1,2.0,31.0,82.375,29.90900000000002,31.995000000000022,0.0,0.0,0.0,7.359323830440126,0
2026-01-08 12:40:00,293.35,131.05,2.05,2.0,31.0,82.0,29.95200000000002,31.96700000000003,0.0,0.0,0.0,7.357474031119511,0
2026-01-08 12:50:00,292.75,125.05,2.0,1.0,31.0,82.0,29.894210526315817,31.938421052631604,0.0,0.0,0.0,7.358707230666588,0
2026-01-08 13:00:00,292.0,122.75,2.0,0.0,31.0,82.0,29.950000000000024,32.05200000000003,0.0,0.0,0.0,7.354391032251819,0
2026-01-08 13:10:00,291.75,136.3,2.0,2.0,31.0,81.3076923076923,29.866000000000035,32.022000000000034,0.0,0.0,0.0,7.338359438139816,0
2026-01-08 13:20:00,291.4,128.35,2.0,2.0,31.0,81.0,29.8784210526316,31.977368421052656,0.0,0.0,0.0,7.3578850976352035,0
2026-01-08 13:30:00,290.0,79.6,2.0,0.0,31.0,81.0,29.89500000000003,32.04900000000003,0.0,0.0,0.0,7.35110250012628,0
2026-01-08 13:40:00,288.7,120.5,2.0,3.0,31.0,81.0,29.925000000000026,31.971000000000032,0.0,0.0,0.0,7.344525435875202,0
2026-01-08 13:50:00,288.3,67.35,2.0,3.0,31.0,81.0,29.90555555555558,31.95555555555559,0.0,0.0,0.0,7.350485900352741,0
2026-01-08 14:00:00,287.4,72.35,2.0,3.0,31.0,80.72727272727273,29.862222222222258,31.90666666666669,0.0,0.0,0.0,7.356240831572434,0
2026-01-08 14:10:00,287.0,90.1,2.0,6.0,31.0,80.27272727272727,29.833529411764744,31.865294117647093,0.0,0.0,0.0,7.358707230666588,0
2026-01-08 14:20:00,287.55,142.35,2.05,6.0,31.0,80.36363636363636,29.84000000000004,31.88333333333337,0.0,0.0,0.0,7.388098486538591,0
2026-01-08 14:30:00,287.85,113.3,1.95,7.0,31.0,80.44444444444444,29.871111111111144,31.938888888888915,0.0,0.0,0.0,7.347705792601874,0
2026-01-08 14:40:00,288.45,98.85,2.0,7.0,31.0,80.72727272727273,29.866000000000028,31.989000000000026,0.0,0.0,0.0,7.344114369359509,0
2026-01-08 14:50:00,288.1,124.1,2.0,7.0,31.0,80.92307692307692,29.897368421052654,31.97421052631581,0.0,0.0,0.0,7.349047167547818,0
2026-01-08 16:10:00,288.1,142.25,2.05,4.0,31.0,80.35714285714286,29.97600000000002,32.077000000000034,0.0,0.0,0.0,7.345347568906587,0
2026-01-08 16:20:00,288.2,109.4,2.05,3.0,31.0,80.15384615384616,29.990000000000027,32.08600000000003,0.0,0.0,0.0,7.351513566641972,0
2026-01-08 16:30:00,289.15,134.3,2.05,2.0,31.0,80.63636363636364,29.906842105263184,31.97631578947371,0.0,0.0,0.0,7.348841634289972,0
2026-01-08 16:40:00,288.5,136.2,2.0,5.0,31.0,80.36363636363636,29.930000000000025,31.975000000000023,0.0,0.0,0.0,7.347402901485048,0
2026-01-08 16:50:00,287.75,132.2,2.0,3.0,28.181818181818183,72.72727272727273,29.88888888888892,31.95333333333337,0.0,0.0,0.0,7.38869224928348,0
2026-01-08 17:00:00,286.15,130.95,2.0,5.0,31.0,80.08333333333333,29.91111111111114,31.945555555555583,0.0,0.0,0.0,7.351600106961065,0
2026-01-08 17:10:00,285.05,128.1,2.0,11.0,31.0,80.0,29.862631578947397,31.97526315789477,0.0,0.0,0.0,7.3539799657361264,0
2026-01-08 17:20:00,283.2,121.55,2.0,13.0,31.0,80.0,29.88600000000002,31.98400000000002,0.0,0.0,0.0,7.353363365962587,0
2026-01-08 17:30:00,282.05,110.9,2.0,15.0,31.0,80.08333333333333,29.870000000000037,31.967894736842133,0.0,0.0,0.0,7.355418698541049,0
2026-01-08 17:40:00,281.7,103.4,2.0,8.0,31.0,80.0,29.85900000000003,31.993000000000023,0.0,0.0,0.0,7.352541232931203,0
2026-01-08 17:50:00,281.0,98.35,2.0,15.0,31.0,80.15384615384616,29.871176470588264,31.928823529411783,0.0,0.0,0.0,7.382549088576744,0
2026-01-08 18:00:00,280.75,92.2,2.0,11.0,31.0,80.06666666666666,29.937368421052657,31.96578947368424,0.0,0.0,0.0,7.34678630171151,0
2026-01-08 18:10:00,280.55,87.4,1.9,19.0,31.0,80.0,29.8723529411765,31.93705882352944,0.0,0.0,0.0,7.378027356904129,0
2026-01-08 18:20:00,280.2,82.75,1.95,13.0,31.0,80.1,29.84700000000003,31.989000000000026,0.0,0.0,0.0,7.351308033384126,0
2026-01-08 18:30:00,280.05,78.55,2.0,15.0,31.0,80.3,29.894000000000027,32.022000000000034,0.0,0.0,0.0,7.387687420022899,0
2026-01-08 18:40:00,279.85,76.15,2.0,12.0,31.0,80.55555555555556,29.87888888888892,31.965555555555586,0.0,0.0,0.0,7.3539799657361264,0
2026-01-08 18:50:00,279.95,73.25,2.0,13.0,31.0,81.0,29.80555555555559,31.911111111111136,0.0,0.0,0.0,7.36076256324505,0
2026-01-08 19:00:00,279.5,70.1,2.0,9.0,31.0,81.0,29.832222222222256,31.9177777777778,0.0,0.0,0.0,7.35809063089305,0
2026-01-08 19:10:00,279.15,66.4,1.95,10.0,31.0,80.81818181818181,29.84058823529415,31.920588235294137,0.0,0.0,0.0,7.349047167547818,0
2026-01-08 19:20:00,279.05,62.95,2.0,7.0,31.0,81.0,29.79705882352945,31.94294117647061,0.0,0.0,0.0,7.348636101032126,0
2026-01-08 19:30:00,278.95,60.8,2.0,7.0,31.0,81.0,29.796666666666702,31.89888888888892,0.0,0.0,0.0,7.349869300579202,0
2026-01-08 19:40:00,278.65,58.7,2.0,2.0,31.0,81.0,29.765555555555597,31.87222222222226,0.0,0.0,0.0,7.375149891294282,0
2026-01-08 19:50:00,278.25,56.9,1.9,2.0,31.0,81.0,29.796666666666702,31.92111111111113,0.0,0.0,0.0,7.336098572303509,0
2026-01-08 20:00:00,278.8,55.95,1.9,2.0,30.90909090909091,80.9090909090909,29.84777777777781,31.86555555555559,0.0,0.0,0.0,7.361984945252241,0
2026-01-08 20:10:00,279.0,54.45,1.9,2.0,31.0,81.0,29.78529411764709,31.84411764705886,0.0,0.0,0.0,7.349663767321356,0
2026-01-08 20:20:00,279.0,53.4,2.0,0.0,30.9,80.9,29.73222222222225,31.850000000000037,0.0,0.0,0.0,7.357268497861665,0
2026-01-08 20:30:00,278.7,52.65,1.95,2.0,30.76923076923077,80.76923076923077,29.724444444444483,31.807777777777797,0.0,0.0,0.0,7.352541232931203,0
2026-01-08 20:40:00,278.35,50.95,1.95,2.0,30.76923076923077,80.6923076923077,29.74100000000004,31.781000000000027,0.0,0.0,0.0,7.38275462183459,0
2026-01-08 20:50:00,278.8,50.45,2.0,2.0,30.8,80.8,29.71666666666671,31.89888888888892,0.0,0.0,0.0,7.355213165283203,0
2026-01-08 21:00:00,279.95,50.05,2.0,3.0,30.692307692307693,80.6923076923077,29.67500000000004,31.786000000000023,0.0,0.0,0.0,7.368572827043204,0
2026-01-08 21:10:00,281.0,49.95,1.85,2.0,30.63636363636364,80.63636363636364,29.66200000000004,31.759000000000043,0.0,0.0,0.0,7.35809063089305,0
2026-01-08 21:20:00,281.6,49.95,1.95,2.0,30.545454545454547,80.54545454545455,29.69941176470592,31.806470588235307,0.0,0.0,0.0,7.355829765056741,0
2026-01-08 21:30:00,281.8,50.1,1.95,2.0,30.58333333333333,80.58333333333333,29.76100000000004,31.75700000000005,0.0,0.0,0.0,7.356035298314588,0
2026-01-08 21:50:00,282.45,50.05,1.85,2.0,30.4,80.4,29.60700000000004,31.76900000000004,0.0,0.0,0.0,7.3599404302136655,0
2026-01-08 22:00:00,283.45,50.2,1.95,1.0,30.22222222222222,80.22222222222223,29.650000000000038,31.72500000000003,0.0,0.0,0.0,7.350896966868433,0
2026-01-08 22:10:00,283.9,49.75,1.95,2.0,30.3,80.5,29.62500000000004,31.711000000000038,0.0,0.0,0.0,7.334248772982893,0
2026-01-08 22:30:00,285.05,50.0,2.0,2.0,30.22222222222222,80.66666666666667,29.63700000000004,31.72900000000002,0.0,0.0,0.0,7.355829765056741,0
2026-01-08 22:40:00,285.35,50.1,1.85,3.0,30.181818181818183,80.81818181818181,29.64200000000004,31.68700000000004,0.0,0.0,0.0,7.354802098767511,0
2026-01-08 22:50:00,286.05,50.1,2.0,2.0,30.0,80.66666666666667,29.65900000000004,31.680000000000035,0.0,0.0,0.0,7.373300091973666,0
2026-01-08 23:00:00,286.05,49.85,1.95,0.0,30.153846153846157,80.84615384615384,29.67300000000004,31.669000000000025,0.0,0.0,0.0,7.343497769585971,0
2026-01-08 23:10:00,286.75,50.25,1.95,0.0,30.0,80.9090909090909,29.59947368421056,31.673157894736875,0.0,0.0,0.0,7.349047167547818,0
2026-01-08 23:20:00,286.75,50.05,1.95,2.0,30.0,80.77777777777777,29.67300000000004,31.696000000000048,0.0,0.0,0.0,7.353157832704741,0
2026-01-08 23:30:00,286.25,50.1,1.85,3.0,30.11111111111111,80.66666666666667,29.65500000000004,31.69100000000005,0.0,0.0,0.0,7.355624231798895,0
2026-01-08 23:40:00,286.05,50.15,2.0,2.0,27.2,72.8,29.64300000000004,31.68300000000004,0.0,0.0,0.0,7.359323830440126,0
2026-01-08 23:50:00,285.95,50.05,1.95,0.0,30.0,80.88888888888889,29.618421052631614,31.625789473684247,0.0,0.0,0.0,7.35377443247828,0
2026-01-09 00:00:00,286.05,49.95,1.95,1.0,30.0,80.9090909090909,29.649000000000044,31.662000000000024,0.0,0.0,0.0,7.3521301664155105,0
2026-01-09 00:10:00,286.1,50.05,1.8,2.0,30.0,80.84615384615384,29.584000000000035,31.66400000000004,0.0,0.0,0.0,7.354412667331592,0
2026-01-09 00:20:00,286.45,50.35,1.95,3.0,30.0,81.0,29.607894736842145,31.66473684210529,0.0,0.0,0.0,7.351719099899818,0
2026-01-09 00:30:00,287.75,50.15,2.0,2.0,30.0,81.0,29.61111111111115,31.61888888888892,0.0,0.0,0.0,7.35911829718228,0
2026-01-09 00:40:00,288.0,49.75,1.95,2.0,30.0,81.0,29.604000000000035,31.698000000000043,0.0,0.0,0.0,7.352541232931203,0
2026-01-09 00:50:00,288.15,49.35,1.95,0.0,30.0,81.0,29.58600000000004,31.707000000000043,0.0,0.0,0.0,7.354391032251819,0
2026-01-09 01:00:00,289.45,49.25,2.0,3.0,30.0,81.0,29.562222222222253,31.631111111111142,0.0,0.0,0.0,7.3365096388192015,0
2026-01-09 01:10:00,288.9,49.95,1.95,2.0,30.0,81.0,29.56888888888891,31.63888888888892,0.0,0.0,0.0,7.3578850976352035,0
2026-01-09 01:20:00,288.9,50.2,1.85,2.0,30.0,81.0,29.561000000000035,31.66500000000004,0.0,0.0,0.0,7.355418698541049,0
2026-01-09 01:30:00,289.5,49.55,1.95,2.0,30.0,81.0,29.5955555555556,31.624444444444475,0.0,0.0,0.0,7.3578850976352035,0
2026-01-09 01:40:00,289.8,50.05,1.95,1.0,30.0,80.92307692307692,29.564000000000032,31.655000000000037,0.0,0.0,0.0,7.357679564377357,0
2026-01-09 01:50:00,290.0,49.9,1.9,3.0,30.0,81.0,29.535555555555582,31.62000000000003,0.0,0.0,0.0,7.379509359868599,0
2026-01-09 10:10:00,294.95,60.9,2.0,1.0,30.0,83.0909090909091,29.379411764705907,31.49235294117649,0.0,0.0,0.0,7.359940430213665,0
2026-01-09 10:20:00,294.9,57.7,1.95,2.0,30.0,83.11111111111111,29.38111111111114,31.495555555555587,0.0,0.0,0.0,7.403102414361362,0
2026-01-09 10:30:00,293.7,81.65,2.05,1.0,30.0,83.3,29.377058823529435,31.506470588235327,0.0,0.0,0.0,7.364051095370589,0
2026-01-09 10:40:00,294.4,73.35,1.95,1.0,30.0,83.42857142857143,29.43222222222225,31.54222222222225,0.0,0.0,0.0,7.357657929297584,0
2026-01-09 10:50:00,294.65,91.05,1.9,2.0,30.0,83.27272727272727,29.406666666666688,31.518888888888927,0.0,0.0,0.0,7.35809063089305,0
2026-01-09 11:00:00,294.5,98.1,1.9,2.0,30.0,83.9,29.404117647058843,31.488823529411796,0.0,0.0,0.0,7.35911829718228,0
2026-01-09 11:20:00,294.8,105.8,2.0,1.0,25.0,69.66666666666667,29.395555555555585,31.501111111111143,0.0,0.0,0.0,7.3578850976352035,0
2026-01-09 11:30:00,294.95,72.05,1.95,2.0,30.0,83.18181818181819,29.437777777777804,31.53555555555558,0.0,0.0,0.0,7.357268497861665,0
2026-01-09 11:40:00,295.2,101.1,2.0,0.0,30.0,83.1,29.44294117647062,31.57000000000004,0.0,0.0,0.0,7.35657617530892,0
2026-01-09 11:50:00,293.85,70.1,2.05,1.0,30.0,83.0,29.466666666666697,31.64000000000004,0.0,0.0,0.0,7.35644636483028,0
2026-01-09 12:00:00,293.0,70.35,2.0,0.0,30.0,83.0,29.518000000000036,31.696000000000044,0.0,0.0,0.0,7.352952299446895,0
2026-01-09 12:10:00,292.45,77.1,1.95,0.0,30.0,83.0,29.591000000000037,31.691000000000045,0.0,0.0,0.0,7.358912763924434,0
2026-01-09 12:20:00,291.95,73.25,2.0,0.0,30.0,82.81818181818181,29.452222222222243,31.635555555555587,0.0,0.0,0.0,7.358296164150896,0
2026-01-09 12:30:00,291.7,83.45,2.0,2.0,30.0,82.44444444444444,29.554705882352973,31.5888235294118,0.0,0.0,0.0,7.363228962339204,0
2026-01-09 12:40:00,291.3,126.2,2.0,0.0,30.0,82.1,29.434444444444463,31.598888888888915,0.0,0.0,0.0,7.375766491067821,0
2026-01-09 12:50:00,291.15,110.3,2.05,2.0,30.0,82.0,29.515555555555597,31.606666666666698,0.0,0.0,0.0,7.386865286991514,0
2026-01-09 13:00:00,290.15,128.45,2.0,2.0,30.0,82.0,29.48500000000002,31.678000000000043,0.0,0.0,0.0,7.358501697408742,0
2026-01-09 13:10:00,289.65,108.45,2.0,3.0,30.0,82.0,29.484000000000027,31.694000000000045,0.0,0.0,0.0,7.357474031119511,0
2026-01-09 13:20:00,288.75,117.2,2.0,2.0,30.0,81.91666666666667,29.420000000000023,31.754000000000044,0.0,0.0,0.0,7.354391032251819,0
2026-01-09 13:30:00,288.9,109.95,2.0,3.0,30.0,81.66666666666667,29.50300000000003,31.75600000000005,0.0,0.0,0.0,7.355829765056741,0
2026-01-09 13:40:00,288.1,91.75,2.0,2.0,30.0,81.45454545454545,29.50800000000003,31.747000000000043,0.0,0.0,0.0,7.354185498993973,0
2026-01-09 13:50:00,287.2,95.1,2.0,3.0,30.0,81.63636363636364,29.486000000000026,31.692000000000043,0.0,0.0,0.0,7.359529363697972,0
2026-01-09 14:00:00,286.95,95.15,2.0,3.0,30.0,81.9090909090909,29.49000000000003,31.679000000000038,0.0,0.0,0.0,7.3599404302136655,0
2026-01-09 14:10:00,286.25,86.3,2.0,3.0,30.0,81.92857142857143,29.44200000000003,31.739000000000036,0.0,0.0,0.0,7.35110250012628,0
2026-01-09 14:20:00,285.6,77.45,2.0,1.0,30.0,82.0,29.481000000000027,31.69600000000004,0.0,0.0,0.0,7.357474031119511,0
2026-01-09 14:30:00,284.7,81.95,1.95,2.0,30.0,82.0,29.58300000000004,31.757000000000044,0.0,0.0,0.0,7.355624231798895,0
2026-01-09 14:40:00,283.35,82.75,2.0,2.0,30.0,82.0,29.561000000000035,31.750000000000043,0.0,0.0,0.0,7.357474031119511,0
2026-01-09 14:50:00,282.25,81.6,1.95,2.0,30.0,82.4,29.536000000000023,31.71300000000004,0.0,0.0,0.0,7.352335699673357,0
2026-01-09 15:00:00,280.6,85.25,1.95,2.0,30.0,82.77777777777777,29.57700000000003,31.693000000000044,0.0,0.0,0.0,7.361379163018588,0
2026-01-09 15:10:00,279.9,88.2,2.0,3.0,30.0,82.9,29.578000000000035,31.696000000000044,0.0,0.0,0.0,7.358912763924434,0
2026-01-09 15:20:00,279.4,81.6,2.0,0.0,30.0,83.0,29.567777777777813,31.80666666666668,0.0,0.0,0.0,7.36343449559705,0
2026-01-09 15:30:00,278.1,80.35,2.0,0.0,30.0,83.0,29.55300000000004,31.68900000000004,0.0,0.0,0.0,7.357062964603819,0
2026-01-09 15:40:00,277.95,65.2,2.0,2.0,30.0,83.0,29.561111111111156,31.641111111111154,0.0,0.0,0.0,7.387687420022899,0
2026-01-09 15:50:00,277.95,55.95,2.0,4.0,30.0,83.0,29.50888888888891,31.615555555555584,0.0,0.0,0.0,7.373711158489359,0
2026-01-09 16:00:00,278.3,56.85,2.0,2.0,30.0,83.0,29.484736842105296,31.636315789473706,0.0,0.0,0.0,7.3578850976352035,0
2026-01-09 16:10:00,279.45,53.45,1.9,2.0,30.0,83.0,29.55400000000004,31.671000000000024,0.0,0.0,0.0,7.371655825910897,0
2026-01-09 16:20:00,279.6,54.75,2.0,3.0,30.0,83.0,29.539411764705903,31.5888235294118,0.0,0.0,0.0,7.360968096502896,0
2026-01-09 16:30:00,280.05,52.85,2.0,2.0,30.0,83.0,29.440588235294147,31.598235294117675,0.0,0.0,0.0,7.351513566641972,0
2026-01-09 16:40:00,281.1,52.25,1.95,2.0,30.0,83.0,29.45666666666669,31.60888888888892,0.0,0.0,0.0,7.435576669101057,0
2026-01-09 16:50:00,281.05,52.55,2.0,2.0,30.0,83.0,29.472222222222253,31.615555555555588,0.0,0.0,0.0,7.376794157357051,0
2026-01-09 17:00:00,281.85,52.5,1.95,3.0,30.0,83.0,29.5088235294118,31.62411764705886,0.0,0.0,0.0,7.3539799657361264,0
2026-01-09 17:10:00,281.9,53.65,2.0,4.0,30.0,83.0,29.477058823529443,31.590000000000032,0.0,0.0,0.0,7.362612362565665,0
2026-01-09 17:20:00,282.05,57.8,1.95,2.0,30.0,83.0,29.465555555555586,31.60333333333336,0.0,0.0,0.0,7.358707230666588,0
2026-01-09 17:30:00,282.25,66.25,2.0,0.0,30.0,83.0,29.476666666666706,31.61888888888892,0.0,0.0,0.0,7.357062964603819,0
2026-01-09 17:40:00,282.1,70.15,2.0,0.0,30.0,83.0,29.472222222222243,31.615555555555584,0.0,0.0,0.0,7.353330913342927,0
2026-01-09 17:50:00,282.9,86.7,2.05,0.0,30.0,83.0,29.50888888888892,31.614444444444462,0.0,0.0,0.0,7.358296164150896,0
2026-01-09 18:00:00,282.85,83.7,2.0,0.0,30.0,83.0,29.475555555555584,31.53333333333336,0.0,0.0,0.0,7.360968096502896,0
2026-01-09 18:10:00,283.0,77.7,2.0,0.0,30.0,83.0,29.46333333333337,31.612222222222243,0.0,0.0,0.0,7.35644636483028,0
2026-01-09 18:20:00,283.0,71.8,2.0,0.0,30.0,83.0,29.48888888888892,31.57777777777781,0.0,0.0,0.0,7.357874280095316,0
2026-01-09 18:30:00,282.95,69.7,2.0,0.0,30.0,83.0,29.473333333333365,31.61444444444448,0.0,0.0,0.0,7.35644636483028,0
2026-01-09 18:40:00,282.85,67.75,1.95,0.0,30.0,82.88888888888889,29.46157894736845,31.634210526315822,0.0,0.0,0.0,7.35644636483028,0
2026-01-09 18:50:00,283.1,68.65,2.0,0.0,30.0,82.88888888888889,29.468000000000032,31.671000000000035,0.0,0.0,0.0,7.361995762792127,0
2026-01-09 19:00:00,283.0,64.4,2.0,0.0,30.0,82.6,29.460526315789505,31.65105263157897,0.0,0.0,0.0,7.344730969133048,0
2026-01-09 19:10:00,282.9,69.55,1.9,1.0,30.0,82.54545454545455,29.49777777777781,31.655555555555587,0.0,0.0,0.0,7.353774432478279,0
2026-01-09 19:20:00,283.75,64.9,2.0,0.0,30.0,82.0,29.515555555555583,31.64444444444449,0.0,0.0,0.0,7.370011559848128,0
2026-01-09 19:30:00,284.05,62.05,2.0,0.0,30.0,82.22222222222223,29.485789473684243,31.64684210526319,0.0,0.0,0.0,7.363640028854896,0
2026-01-09 19:40:00,284.4,58.7,2.0,0.0,30.0,82.18181818181819,29.481111111111137,31.613333333333365,0.0,0.0,0.0,7.362201296049973,0
2026-01-09 19:50:00,285.1,58.15,1.95,0.0,30.0,82.0,29.448888888888924,31.61888888888892,0.0,0.0,0.0,7.364873228401973,0
2026-01-09 20:00:00,285.1,56.05,2.0,0.0,30.0,82.0,29.486923076923105,31.603846153846177,0.0,0.0,0.0,7.364051095370589,0
2026-01-09 20:10:00,285.35,56.5,1.95,0.0,30.0,82.0,29.493333333333364,31.588333333333367,0.0,0.0,0.0,7.353363365962587,0
2026-01-09 20:20:00,285.9,56.15,2.0,0.0,30.0,82.0,29.48538461538465,31.600769230769263,0.0,0.0,0.0,7.337331771850586,0
2026-01-09 20:30:00,286.1,51.5,1.95,0.0,30.0,82.0,29.466470588235325,31.64764705882357,0.0,0.0,0.0,7.3578850976352035,0
2026-01-09 20:40:00,286.75,51.35,2.0,0.0,30.0,82.0,29.48800000000003,31.67700000000003,0.0,0.0,0.0,7.368259118386492,0
2026-01-09 20:50:00,287.4,50.2,1.95,0.0,30.0,82.0,29.453157894736865,31.60894736842108,0.0,0.0,0.0,7.35644636483028,0
2026-01-09 21:00:00,287.95,50.2,2.0,0.0,30.0,82.0,29.442631578947395,31.65736842105266,0.0,0.0,0.0,7.358912763924434,0
2026-01-09 21:10:00,287.95,49.85,1.9,0.0,30.0,82.0,29.463000000000022,31.687000000000044,0.0,0.0,0.0,7.36179022953428,0
2026-01-09 21:20:00,288.6,50.0,2.0,0.0,30.0,82.0,29.479000000000028,31.67600000000003,0.0,0.0,0.0,7.35644636483028,0
2026-01-09 21:30:00,288.5,49.9,2.0,0.0,30.0,82.0,29.462000000000025,31.68500000000004,0.0,0.0,0.0,7.365489828175512,0
2026-01-09 21:40:00,289.0,49.7,2.05,0.0,30.0,82.0,29.466000000000022,31.68900000000004,0.0,0.0,0.0,7.354412667331592,0
2026-01-09 21:50:00,290.1,49.45,2.0,0.0,30.0,82.0,29.477777777777803,31.64555555555559,0.0,0.0,0.0,7.35809063089305,0
2026-01-09 22:00:00,290.3,50.1,1.95,0.0,30.0,82.0,29.494000000000035,31.675000000000026,0.0,0.0,0.0,7.347402901485048,0
2026-01-09 22:10:00,290.55,49.6,1.95,0.0,30.0,82.0,29.45555555555558,31.59555555555558,0.0,0.0,0.0,7.354391032251819,0
2026-01-09 22:20:00,290.75,49.95,1.9,0.0,30.0,82.0,29.453333333333354,31.597777777777807,0.0,0.0,0.0,7.356240831572434,0
2026-01-09 22:30:00,290.95,50.0,1.95,0.0,30.0,82.0,29.46058823529414,31.606470588235315,0.0,0.0,0.0,7.356651898088126,0
2026-01-09 22:40:00,290.65,50.0,2.0,0.0,30.0,82.0,29.48333333333336,31.60333333333336,0.0,0.0,0.0,7.357441578499851,0
2026-01-09 22:50:00,290.8,49.6,2.0,0.0,30.0,82.0,29.46764705882356,31.57117647058827,0.0,0.0,0.0,7.364051095370589,0
2026-01-09 23:00:00,291.4,50.05,1.95,0.0,30.0,82.0,29.438888888888915,31.58555555555559,0.0,0.0,0.0,7.3539799657361264,0
2026-01-09 23:10:00,291.2,49.65,1.95,0.0,30.0,82.07142857142857,29.46529411764708,31.601764705882378,0.0,0.0,0.0,7.358912763924434,0
2026-01-09 23:20:00,291.5,49.15,1.95,0.0,30.0,82.0909090909091,29.450000000000028,31.61823529411768,0.0,0.0,0.0,7.356857431345973,0
2026-01-09 23:30:00,291.15,50.4,1.95,0.0,30.0,82.1,29.40444444444448,31.62000000000004,0.0,0.0,0.0,7.356857431345972,0
2026-01-09 23:40:00,291.15,50.15,2.0,0.0,30.0,82.1,29.42888888888891,31.604444444444468,0.0,0.0,0.0,7.360145963471512,0
2026-01-09 23:50:00,291.5,49.9,1.95,0.0,30.0,82.1,29.430000000000028,31.583333333333368,0.0,0.0,0.0,7.357474031119511,0
2026-01-10 00:00:00,291.85,49.6,2.0,0.0,30.0,82.0,29.45222222222225,31.57777777777782,0.0,0.0,0.0,7.360557029987204,0
2026-01-10 00:10:00,292.05,49.95,2.0,0.0,30.0,82.08333333333333,29.42222222222225,31.617777777777818,0.0,0.0,0.0,7.35809063089305,0
2026-01-10 00:20:00,292.05,49.7,1.9,0.0,30.0,82.0909090909091,29.42444444444447,31.563333333333365,0.0,0.0,0.0,7.3578850976352035,0
2026-01-10 00:30:00,291.85,50.3,1.9,0.0,30.0,82.08333333333333,29.423333333333357,31.577777777777825,0.0,0.0,0.0,7.379260556451205,0
2026-01-10 00:40:00,291.95,49.65,1.9,0.0,30.0,82.0,29.40764705882355,31.5888235294118,0.0,0.0,0.0,7.342470103296739,0
2026-01-10 00:50:00,291.85,50.25,1.95,0.0,30.0,82.0,29.43705882352944,31.57000000000004,0.0,0.0,0.0,7.362612362565665,0
2026-01-10 01:00:00,292.25,49.9,1.95,0.0,30.0,82.0,29.41352941176473,31.568823529411794,0.0,0.0,0.0,7.337742838366278,0
2026-01-10 01:10:00,292.1,50.4,2.0,0.0,30.0,82.0,29.44444444444447,31.57444444444448,0.0,0.0,0.0,7.352541232931203,0
2026-01-10 01:20:00,292.25,49.85,2.0,0.0,30.0,82.1,29.392000000000028,31.551000000000027,0.0,0.0,0.0,7.361379163018588,0
2026-01-10 01:30:00,291.95,50.1,1.95,0.0,30.0,82.15384615384616,29.4377777777778,31.56222222222225,0.0,0.0,0.0,7.3599404302136655,0
2026-01-10 01:40:00,291.85,50.0,1.9,1.0,30.0,82.54545454545455,29.42176470588238,31.49352941176472,0.0,0.0,0.0,7.357679564377357,0
2026-01-10 01:50:00,291.7,49.8,1.9,0.0,30.0,82.5,29.464285714285744,31.497142857142883,0.0,0.0,0.0,7.3578850976352035,0
